Pathway_ID,n_proteins,ratio_neurotransmitter,ratio_ion,ratio_cofactor,ratio_kinase,ratio_receptor,ratio_transport,Pathway_Name,AD_Related
0,533,0.005628517823639775,0.020637898686679174,0.0,0.0300187617260788,0.10131332082551595,0.039399624765478425,,1
R-HSA-6798695,66,0.0,0.030303030303030304,0.0,0.13636363636363635,0.5,0.13636363636363635,Neutrophil degranulation,1
R-HSA-9013149,31,0.03225806451612903,0.03225806451612903,0.0,0.1935483870967742,0.25806451612903225,0.0967741935483871,RAC1 GTPase cycle,1
R-HSA-5419276,30,0.0,0.03333333333333333,0.0,0.0,0.0,0.0,Mitochondrial translation termination,1
R-HSA-5389840,28,0.0,0.03571428571428571,0.0,0.0,0.0,0.0,Mitochondrial translation elongation,1
R-HSA-9937383,27,0.0,0.037037037037037035,0.0,0.0,0.0,0.0,Mitochondrial ribosome-associated quality control,1
R-HSA-5368286,27,0.0,0.037037037037037035,0.0,0.0,0.0,0.0,Mitochondrial translation initiation,1
R-HSA-114608,26,0.0,0.0,0.0,0.19230769230769232,0.34615384615384615,0.15384615384615385,Platelet degranulation,1
R-HSA-8856828,23,0.0,0.0,0.0,0.34782608695652173,0.43478260869565216,0.30434782608695654,Clathrin-mediated endocytosis,1
R-HSA-9837999,23,0.0,0.043478260869565216,0.0,0.0,0.043478260869565216,0.17391304347826086,Mitochondrial protein degradation,1
R-HSA-611105,22,0.0,0.0,0.0,0.0,0.0,0.36363636363636365,Respiratory electron transport,1
R-HSA-5673001,21,0.0,0.0,0.0,0.42857142857142855,0.6666666666666666,0.0,RAF/MAP kinase cascade,1
R-HSA-8862803,21,0.0,0.0,0.0,0.23809523809523808,0.09523809523809523,0.09523809523809523,Deregulated CDK5 triggers multiple neurodegenerative pathways in Alzheimer's disease models,1
R-HSA-2132295,21,0.047619047619047616,0.047619047619047616,0.0,0.047619047619047616,0.42857142857142855,0.2857142857142857,MHC class II antigen presentation,1
R-HSA-6785807,21,0.0,0.047619047619047616,0.0,0.19047619047619047,0.6190476190476191,0.047619047619047616,Interleukin-4 and Interleukin-13 signaling,1
R-HSA-198933,20,0.0,0.0,0.0,0.2,0.8,0.05,Immunoregulatory interactions between a Lymphoid and a non-Lymphoid cell,1
R-HSA-9725370,19,0.0,0.0,0.0,0.5263157894736842,0.42105263157894735,0.2631578947368421,Signaling by ALK fusions and activated point mutants,1
R-HSA-418594,19,0.0,0.0,0.0,0.10526315789473684,0.8947368421052632,0.15789473684210525,G alpha (i) signalling events,1
R-HSA-9679191,19,0.0,0.0,0.0,0.3157894736842105,0.631578947368421,0.3157894736842105,Potential therapeutics for SARS,1
R-HSA-381426,19,0.0,0.0,0.0,0.10526315789473684,0.5263157894736842,0.2631578947368421,Regulation of Insulin-like Growth Factor (IGF) transport and uptake by Insulin-like Growth Factor Binding Proteins (IGFBPs),1
R-HSA-9013404,19,0.0,0.0,0.0,0.2631578947368421,0.3684210526315789,0.05263157894736842,RAC2 GTPase cycle,1
R-HSA-6794361,18,0.0,0.0,0.0,0.1111111111111111,0.5,0.1111111111111111,Neurexins and neuroligins,1
R-HSA-9013148,18,0.0,0.0,0.0,0.1111111111111111,0.1111111111111111,0.16666666666666666,CDC42 GTPase cycle,1
R-HSA-8980692,17,0.0,0.0,0.0,0.17647058823529413,0.17647058823529413,0.058823529411764705,RHOA GTPase cycle,1
R-HSA-8856825,17,0.0,0.0,0.0,0.4117647058823529,0.6470588235294118,0.4117647058823529,Cargo recognition for clathrin-mediated endocytosis,1
R-HSA-8957275,17,0.0,0.0,0.0,0.0,0.5882352941176471,0.23529411764705882,Post-translational protein phosphorylation,1
R-HSA-6811558,17,0.0,0.0,0.0,0.8235294117647058,0.7647058823529411,0.11764705882352941,"PI5P, PP2A and IER3 Regulate PI3K/AKT Signaling",1
R-HSA-983168,17,0.0,0.0,0.0,0.23529411764705882,0.17647058823529413,0.058823529411764705,Antigen processing: Ubiquitination & Proteasome degradation,1
R-HSA-1257604,16,0.0,0.0,0.0,0.8125,0.8125,0.125,PIP3 activates AKT signaling,1
R-HSA-2029482,16,0.0,0.0,0.0,0.375,0.375,0.0625,Regulation of actin dynamics for phagocytic cup formation,1
R-HSA-1989781,16,0.0,0.0625,0.0,0.1875,0.5625,0.0,PPARA activates gene expression,1
R-HSA-9680350,15,0.0,0.0,0.0,0.8,0.5333333333333333,0.0,Signaling by CSF1 (M-CSF) in myeloid cells,1
R-HSA-9705671,15,0.0,0.0,0.0,0.5333333333333333,0.3333333333333333,0.13333333333333333,SARS-CoV-2 activates/modulates innate and adaptive immune responses,0
R-HSA-437239,15,0.0,0.0,0.0,0.2,0.4,0.3333333333333333,Recycling pathway of L1,0
R-HSA-9664422,15,0.0,0.0,0.0,0.4666666666666667,0.3333333333333333,0.0,FCGR3A-mediated phagocytosis,0
R-HSA-9013423,15,0.06666666666666667,0.06666666666666667,0.0,0.2,0.4,0.13333333333333333,RAC3 GTPase cycle,0
R-HSA-8951664,14,0.0,0.0,0.0,0.2857142857142857,0.14285714285714285,0.07142857142857142,Neddylation,0
R-HSA-202733,14,0.0,0.0,0.0,0.21428571428571427,0.7857142857142857,0.14285714285714285,Cell surface interactions at the vascular wall,0
R-HSA-1236974,14,0.0,0.0,0.0,0.5714285714285714,0.42857142857142855,0.07142857142857142,ER-Phagosome pathway,0
R-HSA-977225,14,0.0,0.0,0.0,0.42857142857142855,0.35714285714285715,0.2857142857142857,Amyloid fiber formation,1
R-HSA-2219530,14,0.0,0.0,0.0,0.7857142857142857,0.7857142857142857,0.0,Constitutive Signaling by Aberrant PI3K in Cancer,0
R-HSA-1474228,14,0.0,0.0,0.0,0.14285714285714285,0.14285714285714285,0.0,Degradation of the extracellular matrix,0
R-HSA-9662360,14,0.0,0.0,0.0,0.0,0.07142857142857142,0.35714285714285715,Sensory processing of sound by inner hair cells of the cochlea,0
R-HSA-3928665,14,0.0,0.0,0.0,0.42857142857142855,0.7857142857142857,0.2857142857142857,EPH-ephrin mediated repulsion of cells,0
R-HSA-3000178,13,0.0,0.0,0.0,0.15384615384615385,0.5384615384615384,0.07692307692307693,ECM proteoglycans,0
R-HSA-4420097,13,0.0,0.0,0.0,0.38461538461538464,0.3076923076923077,0.15384615384615385,VEGFA-VEGFR2 Pathway,0
R-HSA-6799198,13,0.0,0.0,0.0,0.0,0.0,0.0,Complex I biogenesis,0
R-HSA-5689880,12,0.08333333333333333,0.0,0.0,0.6666666666666666,0.3333333333333333,0.08333333333333333,Ub-specific processing proteases,0
R-HSA-877300,12,0.08333333333333333,0.08333333333333333,0.0,0.25,0.5833333333333334,0.0,Interferon gamma signaling,0
R-HSA-2644606,12,0.0,0.0,0.0,0.3333333333333333,0.16666666666666666,0.0,Constitutive Signaling by NOTCH1 PEST Domain Mutants,0
R-HSA-2894862,12,0.0,0.0,0.0,0.3333333333333333,0.16666666666666666,0.0,Constitutive Signaling by NOTCH1 HD+PEST Domain Mutants,0
R-HSA-9013408,12,0.0,0.0,0.0,0.16666666666666666,0.3333333333333333,0.0,RHOG GTPase cycle,0
R-HSA-216083,12,0.0,0.0,0.0,0.16666666666666666,0.6666666666666666,0.08333333333333333,Integrin cell surface interactions,0
R-HSA-2029485,12,0.0,0.0,0.0,0.25,0.5833333333333334,0.16666666666666666,Role of phospholipids in phagocytosis,0
R-HSA-9013409,11,0.09090909090909091,0.09090909090909091,0.0,0.18181818181818182,0.36363636363636365,0.36363636363636365,RHOJ GTPase cycle,0
R-HSA-202424,11,0.0,0.0,0.0,0.7272727272727273,0.45454545454545453,0.0,Downstream TCR signaling,0
R-HSA-8866427,11,0.0,0.0,0.0,0.6363636363636364,0.6363636363636364,0.36363636363636365,VLDLR internalisation and degradation,0
R-HSA-2871796,11,0.0,0.0,0.0,0.5454545454545454,0.5454545454545454,0.09090909090909091,FCERI mediated MAPK activation,0
R-HSA-983695,11,0.0,0.0,0.0,0.6363636363636364,0.5454545454545454,0.18181818181818182,Antigen activates B Cell Receptor (BCR) leading to generation of second messengers,0
R-HSA-9664323,11,0.0,0.0,0.0,0.36363636363636365,0.5454545454545454,0.18181818181818182,FCGR3A-mediated IL10 synthesis,0
R-HSA-9620244,11,0.0,0.0,0.0,0.2727272727272727,0.7272727272727273,0.0,Long-term potentiation,0
R-HSA-977606,11,0.0,0.0,0.0,0.0,0.6363636363636364,0.09090909090909091,Regulation of Complement cascade,0
R-HSA-2871809,11,0.0,0.0,0.0,0.36363636363636365,0.45454545454545453,0.18181818181818182,FCERI mediated Ca+2 mobilization,0
R-HSA-5687128,11,0.0,0.0,0.0,0.5454545454545454,0.09090909090909091,0.18181818181818182,MAPK6/MAPK4 signaling,0
R-HSA-3000170,11,0.0,0.0,0.0,0.18181818181818182,0.45454545454545453,0.0,Syndecan interactions,0
R-HSA-9833110,11,0.0,0.0,0.0,0.0,0.5454545454545454,0.0,RSV-host interactions,0
R-HSA-912631,11,0.0,0.0,0.0,1.0,0.5454545454545454,0.0,Regulation of signaling by CBL,0
R-HSA-77387,10,0.0,0.0,0.0,0.1,0.1,0.3,Insulin receptor recycling,0
R-HSA-9856530,10,0.0,0.0,0.0,0.4,0.4,0.1,High laminar flow shear stress activates signaling by PIEZO1 and PECAM1:CDH5:KDR in endothelial cells,0
R-HSA-5578775,10,0.0,0.0,0.0,0.0,0.0,0.6,Ion homeostasis,0
R-HSA-983231,10,0.0,0.0,0.0,0.3,0.1,0.1,Factors involved in megakaryocyte development and platelet production,0
R-HSA-5663213,10,0.0,0.0,0.0,0.3,0.2,0.0,RHO GTPases Activate WASPs and WAVEs,0
R-HSA-6783783,10,0.0,0.1,0.0,0.3,0.7,0.0,Interleukin-10 signaling,0
R-HSA-1222556,10,0.0,0.0,0.0,0.0,0.0,0.2,ROS and RNS production in phagocytes,0
R-HSA-2173796,10,0.0,0.0,0.0,0.7,0.1,0.0,SMAD2/SMAD3:SMAD4 heterotrimer regulates transcription,0
R-HSA-5205685,10,0.1,0.0,0.0,0.5,0.4,0.2,PINK1-PRKN Mediated Mitophagy,0
R-HSA-9018519,10,0.0,0.0,0.0,0.1,0.2,0.0,Estrogen-dependent gene expression,0
R-HSA-9925563,10,0.0,0.0,0.0,0.1,0.5,0.1,Developmental Lineage of Pancreatic Ductal Cells,0
R-HSA-9692916,10,0.0,0.0,0.0,0.5,0.4,0.1,SARS-CoV-1 activates/modulates innate immune responses,0
R-HSA-416476,10,0.0,0.0,0.0,0.2,0.9,0.1,G alpha (q) signalling events,0
R-HSA-2467813,10,0.0,0.0,0.0,0.5,0.1,0.1,Separation of Sister Chromatids,0
R-HSA-1855204,9,0.0,0.0,0.0,0.4444444444444444,0.4444444444444444,0.0,Synthesis of IP3 and IP4 in the cytosol,0
R-HSA-2122947,9,0.0,0.0,0.0,0.4444444444444444,0.0,0.0,NOTCH1 Intracellular Domain Regulates Transcription,0
R-HSA-5628897,9,0.0,0.1111111111111111,0.0,0.1111111111111111,0.1111111111111111,0.4444444444444444,TP53 Regulates Metabolic Genes,0
R-HSA-438066,9,0.0,0.0,0.0,0.0,0.7777777777777778,0.0,"Unblocking of NMDA receptors, glutamate binding and activation",1
R-HSA-9013405,9,0.0,0.0,0.0,0.0,0.4444444444444444,0.0,RHOD GTPase cycle,0
R-HSA-9860927,9,0.0,0.0,0.0,0.3333333333333333,0.2222222222222222,0.0,"Turbulent (oscillatory, disturbed) flow shear stress activates signaling by PIEZO1 and integrins in endothelial cells",0
R-HSA-3000171,9,0.0,0.0,0.0,0.2222222222222222,0.4444444444444444,0.0,,0
R-HSA-6802952,9,0.0,0.0,0.0,0.2222222222222222,0.0,0.1111111111111111,Signaling by BRAF and RAF1 fusions,0
R-HSA-114604,9,0.0,0.0,0.0,0.6666666666666666,0.6666666666666666,0.0,GPVI-mediated activation cascade,0
R-HSA-9609736,9,0.0,0.0,0.0,0.0,0.7777777777777778,0.1111111111111111,Assembly and cell surface presentation of NMDA receptors,0
R-HSA-9705462,9,0.0,0.0,0.0,0.7777777777777778,0.4444444444444444,0.0,Inactivation of CSF3 (G-CSF) signaling,0
R-HSA-1169408,9,0.0,0.0,0.0,0.6666666666666666,0.2222222222222222,0.3333333333333333,ISG15 antiviral mechanism,0
R-HSA-9013026,9,0.0,0.0,0.0,0.2222222222222222,0.2222222222222222,0.1111111111111111,,0
R-HSA-917977,9,0.0,0.0,0.0,0.0,0.1111111111111111,0.3333333333333333,Transferrin endocytosis and recycling,0
R-HSA-383280,9,0.0,0.0,0.0,0.3333333333333333,1.0,0.0,Nuclear Receptor transcription pathway,0
R-HSA-201681,9,0.0,0.0,0.0,0.4444444444444444,0.1111111111111111,0.0,TCF dependent signaling in response to WNT,0
R-HSA-168928,9,0.0,0.0,0.0,0.5555555555555556,0.2222222222222222,0.0,,0
R-HSA-6807878,9,0.0,0.0,0.0,0.1111111111111111,0.3333333333333333,0.4444444444444444,,0
R-HSA-9013106,9,0.0,0.0,0.0,0.1111111111111111,0.2222222222222222,0.1111111111111111,RHOC GTPase cycle,0
R-HSA-975634,9,0.0,0.0,0.0,0.1111111111111111,0.6666666666666666,0.1111111111111111,Retinoid metabolism and transport,0
R-HSA-909733,9,0.0,0.0,0.0,0.6666666666666666,0.3333333333333333,0.1111111111111111,,0
R-HSA-1442490,9,0.0,0.0,0.0,0.0,0.1111111111111111,0.0,Collagen degradation,0
R-HSA-8876198,9,0.0,0.0,0.0,0.1111111111111111,0.4444444444444444,0.5555555555555556,RAB GEFs exchange GTP for GDP on RABs,0
R-HSA-2672351,9,0.1111111111111111,0.0,0.0,0.5555555555555556,0.1111111111111111,0.2222222222222222,Stimuli-sensing channels,0
R-HSA-445989,9,0.0,0.0,0.0,0.6666666666666666,0.3333333333333333,0.2222222222222222,,0
R-HSA-2871837,9,0.0,0.0,0.0,0.6666666666666666,0.3333333333333333,0.0,FCERI mediated NF-kB activation,0
R-HSA-2173788,8,0.0,0.0,0.0,0.875,0.375,0.0,,0
R-HSA-201556,8,0.0,0.0,0.0,0.75,0.875,0.0,,0
R-HSA-445355,8,0.0,0.0,0.0,0.125,0.625,0.125,,0
R-HSA-9646399,8,0.0,0.0,0.0,0.5,0.25,0.0,,0
R-HSA-9013406,8,0.125,0.125,0.0,0.125,0.25,0.375,,0
R-HSA-205043,8,0.0,0.0,0.0,0.5,0.5,0.125,,0
R-HSA-2022090,8,0.0,0.0,0.0,0.0,0.25,0.0,,0
R-HSA-9820960,8,0.0,0.0,0.0,0.125,0.625,0.0,,0
R-HSA-5675221,8,0.0,0.0,0.0,0.875,0.125,0.0,,0
R-HSA-983712,8,0.0,0.0,0.0,0.0,0.0,0.25,,0
R-HSA-1236382,8,0.0,0.0,0.0,0.875,0.375,0.0,,0
R-HSA-9615017,8,0.0,0.0,0.0,0.25,0.375,0.0,,0
R-HSA-5607764,8,0.0,0.0,0.0,0.75,0.125,0.0,,0
R-HSA-166016,8,0.0,0.0,0.0,0.0,0.375,0.0,,0
R-HSA-5693565,8,0.0,0.0,0.0,0.625,0.125,0.0,,0
R-HSA-5654733,8,0.0,0.0,0.0,0.75,0.125,0.0,,0
R-HSA-449836,8,0.0,0.0,0.0,0.125,0.5,0.125,,0
R-HSA-2122948,8,0.0,0.0,0.0,0.5,0.375,0.0,,0
R-HSA-1660661,8,0.0,0.5,0.0,0.125,0.0,0.0,,0
R-HSA-5654726,8,0.0,0.0,0.0,0.75,0.125,0.0,,0
R-HSA-5654727,8,0.0,0.0,0.0,0.75,0.125,0.0,,0
R-HSA-2979096,8,0.0,0.0,0.0,0.625,0.375,0.0,,0
R-HSA-9010553,8,0.0,0.0,0.0,0.625,0.5,0.0,,0
R-HSA-2559582,8,0.0,0.0,0.0,0.75,0.0,0.0,,0
R-HSA-212676,8,0.0,0.0,0.0,0.125,0.375,0.25,,0
R-HSA-5654732,8,0.0,0.0,0.0,0.75,0.125,0.0,,0
R-HSA-2424491,8,0.0,0.0,0.0,0.625,0.75,0.0,,0
R-HSA-5689603,8,0.0,0.0,0.0,0.75,0.375,0.0,,0
R-HSA-209560,8,0.0,0.0,0.0,0.625,0.25,0.125,,0
R-HSA-9856649,8,0.0,0.125,0.0,0.375,0.125,0.0,,0
R-HSA-2565942,8,0.0,0.0,0.0,0.75,0.125,0.125,,0
R-HSA-2173795,8,0.0,0.0,0.0,0.875,0.125,0.0,,0
R-HSA-9013407,8,0.125,0.125,0.0,0.125,0.625,0.375,,0
R-HSA-1268020,8,0.125,0.0,0.0,0.125,0.125,0.25,,0
R-HSA-9033241,8,0.125,0.125,0.0,0.5,0.125,0.0,,0
R-HSA-9844594,7,0.0,0.0,0.0,0.14285714285714285,0.42857142857142855,0.0,,0
R-HSA-2173789,7,0.0,0.0,0.0,0.7142857142857143,0.8571428571428571,0.0,,0
R-HSA-9617324,7,0.0,0.0,0.0,0.0,0.7142857142857143,0.0,,0
R-HSA-8943724,7,0.0,0.0,0.0,0.2857142857142857,0.2857142857142857,0.0,,0
R-HSA-2559580,7,0.0,0.0,0.0,0.8571428571428571,0.14285714285714285,0.0,,0
R-HSA-1251985,7,0.0,0.0,0.0,0.42857142857142855,0.7142857142857143,0.14285714285714285,,0
R-HSA-9029569,7,0.0,0.0,0.0,0.2857142857142857,0.7142857142857143,0.42857142857142855,,0
R-HSA-3371453,7,0.0,0.0,0.0,0.42857142857142855,0.14285714285714285,0.42857142857142855,,0
R-HSA-8874081,7,0.0,0.0,0.0,0.2857142857142857,0.5714285714285714,0.0,,0
R-HSA-8950505,7,0.0,0.0,0.0,0.14285714285714285,0.2857142857142857,0.2857142857142857,,0
R-HSA-177504,7,0.0,0.0,0.0,0.14285714285714285,0.5714285714285714,0.5714285714285714,,0
R-HSA-9662361,7,0.0,0.0,0.0,0.0,0.0,0.14285714285714285,,0
R-HSA-442982,7,0.0,0.0,0.0,0.0,0.5714285714285714,0.0,,0
R-HSA-1971475,7,0.0,0.0,0.0,0.0,0.2857142857142857,0.0,,0
R-HSA-5357905,7,0.0,0.0,0.0,0.7142857142857143,0.2857142857142857,0.0,,0
R-HSA-8939236,7,0.0,0.0,0.0,0.7142857142857143,0.0,0.0,,0
R-HSA-210500,7,0.2857142857142857,0.14285714285714285,0.0,0.14285714285714285,0.2857142857142857,0.42857142857142855,,0
R-HSA-9755511,7,0.0,0.0,0.0,0.7142857142857143,0.42857142857142855,0.2857142857142857,,0
R-HSA-181429,7,0.0,0.0,0.0,0.14285714285714285,0.2857142857142857,0.14285714285714285,,0
R-HSA-418555,7,0.0,0.2857142857142857,0.0,0.0,0.5714285714285714,0.0,,0
R-HSA-3560783,7,0.0,0.0,0.0,0.0,0.2857142857142857,0.0,,0
R-HSA-4086398,7,0.0,0.0,0.0,0.2857142857142857,0.42857142857142855,0.2857142857142857,,0
R-HSA-9013507,7,0.0,0.0,0.0,0.5714285714285714,0.2857142857142857,0.0,,0
R-HSA-9841922,7,0.0,0.14285714285714285,0.0,0.14285714285714285,0.2857142857142857,0.14285714285714285,,0
R-HSA-5663220,7,0.0,0.0,0.0,0.2857142857142857,0.2857142857142857,0.14285714285714285,,0
R-HSA-9639288,7,0.0,0.0,0.0,0.0,0.0,0.14285714285714285,,0
R-HSA-381340,7,0.0,0.0,0.0,0.0,0.5714285714285714,0.0,,0
R-HSA-9857377,7,0.0,0.14285714285714285,0.0,0.0,0.14285714285714285,0.14285714285714285,,0
R-HSA-72163,7,0.0,0.0,0.0,0.14285714285714285,0.14285714285714285,0.14285714285714285,,0
R-HSA-422356,7,0.0,0.0,0.0,0.0,0.14285714285714285,0.2857142857142857,,0
R-HSA-2022928,7,0.0,0.2857142857142857,0.0,0.0,0.42857142857142855,0.0,,0
R-HSA-937041,7,0.0,0.0,0.0,0.7142857142857143,0.2857142857142857,0.0,,0
R-HSA-5686938,7,0.0,0.0,0.0,0.2857142857142857,0.8571428571428571,0.0,,0
R-HSA-5603041,7,0.0,0.0,0.0,0.42857142857142855,0.8571428571428571,0.0,,0
R-HSA-5602498,7,0.0,0.0,0.0,0.42857142857142855,0.8571428571428571,0.0,,0
R-HSA-166058,7,0.0,0.0,0.0,0.42857142857142855,0.8571428571428571,0.0,,0
R-HSA-9031628,7,0.0,0.0,0.0,0.2857142857142857,0.42857142857142855,0.14285714285714285,,0
R-HSA-6804757,7,0.0,0.0,0.0,0.8571428571428571,0.2857142857142857,0.2857142857142857,,0
R-HSA-209543,7,0.0,0.0,0.0,0.7142857142857143,0.2857142857142857,0.14285714285714285,,0
R-HSA-416482,7,0.0,0.0,0.0,0.42857142857142855,0.5714285714285714,0.0,,0
R-HSA-9833482,7,0.0,0.0,0.0,0.42857142857142855,0.42857142857142855,0.2857142857142857,,0
R-HSA-4420332,7,0.0,0.0,0.0,0.0,0.2857142857142857,0.0,,0
R-HSA-193648,7,0.0,0.0,0.0,0.2857142857142857,0.2857142857142857,0.0,,0
R-HSA-1295596,7,0.0,0.0,0.0,0.8571428571428571,0.14285714285714285,0.0,,0
R-HSA-8863795,7,0.0,0.0,0.0,0.8571428571428571,0.42857142857142855,0.0,,0
R-HSA-9020702,7,0.0,0.0,0.0,0.7142857142857143,0.14285714285714285,0.14285714285714285,,0
R-HSA-3560801,7,0.0,0.0,0.0,0.0,0.2857142857142857,0.0,,0
R-HSA-5674135,6,0.0,0.0,0.0,0.3333333333333333,0.0,0.0,,0
R-HSA-2173791,6,0.0,0.0,0.0,0.8333333333333334,0.3333333333333333,0.0,,0
R-HSA-917937,6,0.0,0.0,0.0,0.6666666666666666,0.3333333333333333,0.16666666666666666,,0
R-HSA-72203,6,0.0,0.16666666666666666,0.0,0.16666666666666666,0.16666666666666666,0.16666666666666666,,0
R-HSA-380320,6,0.0,0.0,0.0,0.3333333333333333,0.3333333333333333,0.16666666666666666,,0
R-HSA-5620912,6,0.0,0.0,0.0,0.6666666666666666,0.16666666666666666,0.16666666666666666,,0
R-HSA-9613829,6,0.0,0.0,0.0,0.6666666666666666,0.0,0.0,,0
R-HSA-9694614,6,0.0,0.0,0.0,0.0,0.5,0.0,,0
R-HSA-381038,6,0.16666666666666666,0.16666666666666666,0.0,0.16666666666666666,0.16666666666666666,0.3333333333333333,,0
R-HSA-9022699,6,0.0,0.0,0.0,0.3333333333333333,0.8333333333333334,0.0,,0
R-HSA-8948216,6,0.0,0.0,0.0,0.0,0.16666666666666666,0.0,,0
R-HSA-9913351,6,0.0,0.0,0.0,0.16666666666666666,0.8333333333333334,0.0,,0
R-HSA-1650814,6,0.0,0.0,0.0,0.0,0.16666666666666666,0.0,,0
R-HSA-5576892,6,0.0,0.0,0.0,0.0,0.0,0.0,,0
R-HSA-2559585,6,0.0,0.0,0.0,0.8333333333333334,0.0,0.0,,0
R-HSA-8853659,6,0.0,0.0,0.0,0.8333333333333334,1.0,0.0,,0
R-HSA-9664565,6,0.0,0.0,0.0,0.6666666666666666,0.8333333333333334,0.0,,0
R-HSA-2730905,6,0.0,0.0,0.0,0.6666666666666666,1.0,0.0,,0
R-HSA-399956,6,0.0,0.0,0.0,0.3333333333333333,0.3333333333333333,0.0,,0
R-HSA-9656223,6,0.0,0.0,0.0,0.3333333333333333,0.0,0.0,,0
R-HSA-9649948,6,0.0,0.0,0.0,0.3333333333333333,0.0,0.0,,0
R-HSA-6802955,6,0.0,0.0,0.0,0.3333333333333333,0.0,0.0,,0
R-HSA-6802948,6,0.0,0.0,0.0,0.3333333333333333,0.0,0.0,,0
R-HSA-6802946,6,0.0,0.0,0.0,0.3333333333333333,0.0,0.0,,0
R-HSA-8866652,6,0.0,0.0,0.0,0.6666666666666666,0.16666666666666666,0.0,,0
R-HSA-3769402,6,0.0,0.0,0.0,0.8333333333333334,0.16666666666666666,0.16666666666666666,,0
R-HSA-5658442,6,0.0,0.0,0.0,0.6666666666666666,0.0,0.0,,0
R-HSA-9833109,6,0.0,0.0,0.0,1.0,0.3333333333333333,0.0,,0
R-HSA-8866654,6,0.0,0.0,0.0,0.6666666666666666,0.3333333333333333,0.0,,0
R-HSA-8849469,6,0.0,0.0,0.0,1.0,0.3333333333333333,0.16666666666666666,,0
R-HSA-8948751,6,0.0,0.0,0.0,0.8333333333333334,0.3333333333333333,0.16666666666666666,,0
R-HSA-109704,6,0.0,0.0,0.0,0.6666666666666666,0.6666666666666666,0.0,,0
R-HSA-936440,6,0.0,0.0,0.0,0.8333333333333334,0.16666666666666666,0.0,,0
R-HSA-9604323,6,0.0,0.0,0.0,0.8333333333333334,0.16666666666666666,0.16666666666666666,,0
R-HSA-9706369,6,0.0,0.0,0.0,0.8333333333333334,0.3333333333333333,0.0,,0
R-HSA-5668599,6,0.0,0.0,0.0,0.6666666666666666,0.5,0.0,,0
R-HSA-6807004,6,0.0,0.0,0.0,1.0,0.3333333333333333,0.0,,0
R-HSA-6804756,6,0.0,0.0,0.0,0.8333333333333334,0.0,0.0,,0
R-HSA-6783310,6,0.0,0.0,0.0,0.6666666666666666,0.0,0.0,,0
R-HSA-9766229,6,0.0,0.0,0.0,0.6666666666666666,0.0,0.0,,0
R-HSA-6782210,6,0.0,0.0,0.0,0.6666666666666666,0.0,0.0,,0
R-HSA-5689896,6,0.0,0.0,0.0,0.8333333333333334,0.3333333333333333,0.0,,0
R-HSA-6782135,6,0.0,0.0,0.0,0.6666666666666666,0.0,0.0,,0
R-HSA-9707564,6,0.0,0.0,0.0,0.0,0.3333333333333333,0.5,,0
R-HSA-70171,6,0.0,0.0,0.0,0.0,0.16666666666666666,0.16666666666666666,,0
R-HSA-445095,6,0.0,0.0,0.0,0.0,0.0,0.0,,0
R-HSA-3299685,6,0.0,0.16666666666666666,0.0,0.0,0.0,0.0,,0
R-HSA-6781827,6,0.0,0.0,0.0,0.6666666666666666,0.0,0.0,,0
R-HSA-8939902,6,0.0,0.0,0.0,0.8333333333333334,0.3333333333333333,0.0,,0
R-HSA-373753,6,0.0,0.0,0.0,0.3333333333333333,0.5,0.0,,0
R-HSA-1236394,6,0.0,0.0,0.0,0.3333333333333333,1.0,0.0,,0
R-HSA-9616222,6,0.0,0.0,0.0,0.0,0.3333333333333333,0.0,,0
R-HSA-6781823,6,0.0,0.0,0.0,0.6666666666666666,0.0,0.0,,0
R-HSA-3000157,6,0.0,0.0,0.0,0.16666666666666666,0.8333333333333334,0.0,,0
R-HSA-1358803,6,0.0,0.0,0.0,1.0,0.3333333333333333,0.16666666666666666,,0
R-HSA-936837,6,0.0,0.0,0.0,0.0,0.0,0.6666666666666666,,0
R-HSA-168927,6,0.0,0.0,0.0,0.8333333333333334,0.16666666666666666,0.0,,0
R-HSA-381676,6,0.0,0.0,0.0,0.3333333333333333,0.3333333333333333,0.5,,0
R-HSA-432722,6,0.0,0.0,0.0,0.0,0.3333333333333333,0.0,,0
R-HSA-9009391,6,0.0,0.0,0.0,0.6666666666666666,0.6666666666666666,0.3333333333333333,,0
R-HSA-373752,6,0.0,0.0,0.0,0.0,0.8333333333333334,0.0,,0
R-HSA-1445148,6,0.0,0.0,0.0,0.16666666666666666,0.5,0.5,,0
R-HSA-432720,6,0.0,0.0,0.0,0.0,0.16666666666666666,0.3333333333333333,,0
R-HSA-5675482,6,0.0,0.0,0.0,0.8333333333333334,0.16666666666666666,0.0,,0
R-HSA-3928662,6,0.0,0.0,0.0,0.3333333333333333,0.5,0.16666666666666666,,0
R-HSA-8964038,6,0.0,0.0,0.0,0.16666666666666666,1.0,0.8333333333333334,,0
R-HSA-9758274,6,0.0,0.0,0.0,0.8333333333333334,0.0,0.0,,0
R-HSA-71403,6,0.0,0.0,0.0,0.0,0.0,0.16666666666666666,,0
R-HSA-888590,6,0.16666666666666666,0.16666666666666666,0.0,0.16666666666666666,0.3333333333333333,0.16666666666666666,,0
R-HSA-202433,6,0.0,0.0,0.0,0.3333333333333333,0.5,0.16666666666666666,,0
R-HSA-936964,6,0.0,0.0,0.0,0.6666666666666666,0.3333333333333333,0.0,,0
R-HSA-416993,6,0.0,0.0,0.0,0.16666666666666666,0.6666666666666666,0.3333333333333333,,0
R-HSA-5655302,6,0.0,0.0,0.0,0.3333333333333333,0.3333333333333333,0.0,,0
R-HSA-8849932,6,0.0,0.0,0.0,0.0,0.8333333333333334,0.0,,0
R-HSA-1169091,6,0.0,0.0,0.0,0.8333333333333334,0.0,0.0,,0
R-HSA-168638,6,0.0,0.0,0.0,0.8333333333333334,0.0,0.0,,0
R-HSA-933542,6,0.0,0.0,0.0,0.5,0.6666666666666666,0.3333333333333333,,0
R-HSA-912526,6,0.0,0.0,0.0,1.0,1.0,0.0,,0
R-HSA-382556,6,0.0,0.0,0.0,0.6666666666666666,0.16666666666666666,0.0,,0
R-HSA-937072,6,0.0,0.0,0.0,0.6666666666666666,0.3333333333333333,0.0,,0
R-HSA-1660499,6,0.0,0.0,0.0,0.8333333333333334,0.6666666666666666,0.0,,0
R-HSA-9824878,6,0.0,0.0,0.0,0.6666666666666666,0.3333333333333333,0.0,,0
R-HSA-5357956,6,0.0,0.0,0.0,0.8333333333333334,0.16666666666666666,0.0,,0
R-HSA-2500257,6,0.0,0.0,0.0,0.16666666666666666,0.16666666666666666,0.16666666666666666,,0
R-HSA-975163,6,0.0,0.0,0.0,0.6666666666666666,0.3333333333333333,0.0,,0
R-HSA-9637628,6,0.0,0.0,0.0,0.6666666666666666,0.3333333333333333,0.0,,0
R-HSA-373080,6,0.0,0.0,0.0,0.0,0.6666666666666666,0.0,,0
R-HSA-9609690,6,0.0,0.0,0.0,0.3333333333333333,0.3333333333333333,0.3333333333333333,,0
R-HSA-375276,6,0.0,0.0,0.0,0.0,0.8333333333333334,0.16666666666666666,,0
R-HSA-5218921,6,0.0,0.0,0.0,0.3333333333333333,0.16666666666666666,0.3333333333333333,,0
R-HSA-1433557,6,0.0,0.0,0.0,0.6666666666666666,0.5,0.0,,0
R-HSA-3371497,6,0.0,0.0,0.0,0.16666666666666666,0.5,0.3333333333333333,,0
R-HSA-2024096,5,0.0,0.0,0.0,0.0,0.4,0.0,,0
R-HSA-69601,5,0.0,0.0,0.0,1.0,0.0,0.0,,0
R-HSA-6811434,5,0.0,0.0,0.0,0.0,0.4,0.6,,0
R-HSA-5362768,5,0.0,0.0,0.0,0.8,0.2,0.0,,0
R-HSA-5358346,5,0.0,0.0,0.0,0.8,0.2,0.0,,0
R-HSA-532668,5,0.0,0.0,0.0,0.8,0.2,0.0,,0
R-HSA-5689877,5,0.0,0.0,0.0,0.8,0.2,0.0,,0
R-HSA-75815,5,0.0,0.0,0.0,1.0,0.2,0.0,,0
R-HSA-5610780,5,0.0,0.0,0.0,0.8,0.2,0.0,,0
R-HSA-3656237,5,0.0,0.0,0.0,0.0,0.4,0.0,,0
R-HSA-8852276,5,0.0,0.0,0.0,0.8,0.2,0.0,,0
R-HSA-4641257,5,0.0,0.0,0.0,0.8,0.2,0.0,,0
R-HSA-8854050,5,0.0,0.0,0.0,0.8,0.0,0.0,,0
R-HSA-5684264,5,0.0,0.0,0.0,1.0,0.0,0.0,,0
R-HSA-9013420,5,0.0,0.0,0.0,0.6,0.4,0.4,,0
R-HSA-2682334,5,0.0,0.0,0.0,1.0,1.0,0.0,,0
R-HSA-2029481,5,0.0,0.0,0.0,0.6,1.0,0.0,,0
R-HSA-2426168,5,0.0,0.0,0.0,0.0,0.6,0.0,,0
R-HSA-416700,5,0.0,0.0,0.0,0.4,1.0,0.0,,0
R-HSA-9768919,5,0.0,0.0,0.0,0.6,0.4,0.0,,0
R-HSA-5617472,5,0.0,0.0,0.0,0.0,0.2,0.2,,0
R-HSA-5689901,5,0.0,0.0,0.0,0.8,0.0,0.0,,0
R-HSA-5678895,5,0.0,0.0,0.0,0.8,0.2,0.0,,0
R-HSA-5696394,5,0.0,0.0,0.0,0.8,0.0,0.0,,0
R-HSA-5696395,5,0.0,0.0,0.0,0.8,0.0,0.0,,0
R-HSA-69231,5,0.0,0.0,0.0,1.0,0.2,0.0,,0
R-HSA-9674555,5,0.0,0.0,0.0,0.6,0.8,0.0,,0
R-HSA-9725371,5,0.0,0.0,0.0,0.6,0.4,0.0,,0
R-HSA-5696400,5,0.0,0.0,0.0,0.8,0.0,0.0,,0
R-HSA-982772,5,0.0,0.0,0.0,0.8,0.6,0.0,,0
R-HSA-428542,5,0.0,0.0,0.0,0.0,1.0,0.0,,0
R-HSA-3928663,5,0.0,0.0,0.0,1.0,1.0,0.0,,0
R-HSA-5632684,5,0.0,0.0,0.0,0.8,0.2,0.0,,0
R-HSA-5610785,5,0.0,0.0,0.0,1.0,0.2,0.0,,0
R-HSA-975144,5,0.0,0.0,0.0,1.0,0.0,0.0,,0
R-HSA-5610783,5,0.0,0.0,0.0,1.0,0.2,0.0,,0
R-HSA-937039,5,0.0,0.0,0.0,1.0,0.0,0.0,,0
R-HSA-376176,5,0.0,0.0,0.0,0.0,1.0,0.0,,0
R-HSA-4641263,5,0.0,0.0,0.0,0.8,0.2,0.0,,0
R-HSA-450408,5,0.0,0.0,0.0,0.8,0.0,0.2,,0
R-HSA-9706377,5,0.0,0.0,0.0,1.0,0.2,0.0,,0
R-HSA-181430,5,0.0,0.0,0.0,0.2,0.4,0.2,,0
R-HSA-8875360,5,0.0,0.0,0.0,1.0,0.2,0.0,,0
R-HSA-9828211,5,0.0,0.0,0.0,0.8,0.2,0.0,,0
R-HSA-204005,5,0.0,0.0,0.0,0.4,0.4,0.8,,0
R-HSA-9615710,5,0.0,0.0,0.0,0.8,0.0,0.0,,0
R-HSA-512988,5,0.0,0.0,0.0,1.0,0.8,0.0,,0
R-HSA-3238698,5,0.0,0.0,0.0,0.0,0.6,0.2,,0
R-HSA-9648002,5,0.0,0.0,0.0,0.8,0.0,0.0,,0
R-HSA-110314,5,0.0,0.0,0.0,0.8,0.0,0.0,,0
R-HSA-2691232,5,0.0,0.0,0.0,0.8,0.0,0.0,,0
R-HSA-9035034,5,0.0,0.0,0.0,0.0,0.2,0.0,,0
R-HSA-9648025,5,0.0,0.0,0.0,0.2,0.2,0.2,,0
R-HSA-977443,5,0.0,0.0,0.0,0.0,1.0,0.0,,0
R-HSA-110320,5,0.0,0.0,0.0,0.8,0.2,0.0,,0
R-HSA-5655332,5,0.0,0.0,0.0,0.4,0.4,0.0,,0
R-HSA-1253288,5,0.0,0.0,0.0,1.0,0.2,0.0,,0
R-HSA-5655253,5,0.0,0.0,0.0,0.4,0.4,0.0,,0
R-HSA-6811436,5,0.0,0.0,0.0,0.0,0.4,0.2,,0
R-HSA-190873,5,0.0,0.0,0.0,0.2,0.2,0.2,,0
R-HSA-196025,5,0.0,0.0,0.0,0.2,0.2,0.2,,0
R-HSA-68877,5,0.0,0.0,0.0,0.2,0.2,0.2,,0
R-HSA-975110,5,0.0,0.0,0.0,0.8,0.2,0.0,,0
R-HSA-9762114,5,0.0,0.0,0.0,1.0,0.2,0.0,,0
R-HSA-8941858,5,0.0,0.0,0.0,0.8,0.2,0.0,,0
R-HSA-5674400,5,0.0,0.0,0.0,0.6,0.6,0.2,,0
R-HSA-167590,5,0.0,0.0,0.0,0.2,0.8,0.8,,0
R-HSA-2151201,5,0.0,0.0,0.0,0.0,0.4,0.0,,0
R-HSA-450321,5,0.0,0.0,0.0,1.0,0.2,0.0,,0
R-HSA-182218,5,0.0,0.0,0.0,0.2,0.8,0.8,,0
R-HSA-4090294,5,0.0,0.0,0.0,0.2,1.0,0.0,,0
R-HSA-5099900,5,0.0,0.0,0.0,0.4,1.0,0.8,,0
R-HSA-9013973,5,0.0,0.0,0.0,0.8,0.2,0.0,,0
R-HSA-9014325,5,0.0,0.0,0.0,0.8,0.2,0.0,,0
R-HSA-9619665,5,0.0,0.0,0.0,0.4,0.2,0.0,,0
R-HSA-419037,5,0.0,0.0,0.0,0.0,0.4,0.0,,0
R-HSA-3656253,5,0.0,0.0,0.0,0.0,0.4,0.0,,0
R-HSA-195253,5,0.0,0.0,0.0,1.0,0.2,0.0,,0
R-HSA-264642,5,0.0,0.0,0.0,0.2,0.4,0.2,,0
R-HSA-9607240,5,0.0,0.0,0.0,0.4,0.4,0.2,,0
R-HSA-9664873,5,0.0,0.0,0.0,0.8,0.2,0.2,,0
R-HSA-182971,5,0.0,0.0,0.0,1.0,0.2,0.0,,0
R-HSA-174154,4,0.0,0.0,0.0,1.0,0.0,0.0,,0
R-HSA-174113,4,0.0,0.0,0.0,1.0,0.0,0.0,,0
R-HSA-180585,4,0.0,0.0,0.0,1.0,0.0,0.0,,0
R-HSA-179409,4,0.0,0.0,0.0,1.0,0.0,0.0,,0
R-HSA-211733,4,0.0,0.0,0.0,1.0,0.0,0.0,,0
R-HSA-349425,4,0.0,0.0,0.0,1.0,0.0,0.0,,0
R-HSA-174184,4,0.0,0.0,0.0,1.0,0.0,0.0,,0
R-HSA-174490,4,0.0,0.0,0.0,1.0,0.0,0.0,,0
R-HSA-3134975,4,0.0,0.0,0.0,1.0,0.0,0.0,,0
R-HSA-187577,4,0.0,0.0,0.0,1.0,0.0,0.0,,0
R-HSA-3322077,4,0.0,0.0,0.0,1.0,0.0,0.0,,0
R-HSA-450302,4,0.0,0.0,0.0,1.0,0.0,0.0,,0
R-HSA-180534,4,0.0,0.0,0.0,1.0,0.0,0.0,,0
R-HSA-3785653,4,0.0,0.0,0.0,1.0,0.0,0.0,,0
R-HSA-174178,4,0.0,0.0,0.0,1.0,0.0,0.0,,0
R-HSA-175474,4,0.0,0.0,0.0,1.0,0.0,0.0,,0
R-HSA-68949,4,0.0,0.0,0.0,1.0,0.0,0.0,,0
R-HSA-4608870,4,0.0,0.0,0.0,1.0,0.0,0.0,,0
R-HSA-70895,4,0.0,0.25,0.0,0.25,0.25,0.0,,0
R-HSA-9636383,4,0.0,0.0,0.0,1.0,0.0,0.0,,0
R-HSA-9645460,4,0.0,0.0,0.0,1.0,0.0,0.0,,0
R-HSA-9683683,4,0.0,0.0,0.0,1.0,0.0,0.0,,0
R-HSA-9694493,4,0.0,0.0,0.0,1.0,0.0,0.0,,0
R-HSA-9708530,4,0.0,0.0,0.0,1.0,0.0,0.0,,0
R-HSA-9032845,4,0.0,0.0,0.0,0.5,0.5,0.0,,0
R-HSA-9861718,4,0.0,0.0,0.0,1.0,0.0,0.0,,0
R-HSA-9932298,4,0.0,0.0,0.0,1.0,0.0,0.0,,0
R-HSA-9028335,4,0.0,0.0,0.0,0.75,1.0,0.0,,0
R-HSA-211976,4,0.0,0.25,0.0,0.25,0.75,0.0,,0
R-HSA-141444,4,0.0,0.0,0.0,0.25,0.0,0.25,,0
R-HSA-9851151,4,0.0,0.0,0.0,0.5,0.75,0.0,,0
R-HSA-9638630,4,0.0,0.0,0.0,0.0,0.5,0.0,,0
R-HSA-9865881,4,0.0,0.0,0.0,0.0,0.0,1.0,,0
R-HSA-418359,4,0.0,0.0,0.0,0.0,0.0,0.5,,0
R-HSA-9856872,4,0.25,0.25,0.0,0.0,0.0,0.25,,0
R-HSA-193368,4,0.0,0.25,0.0,0.25,0.75,0.0,,0
R-HSA-937042,4,0.0,0.0,0.0,1.0,0.0,0.0,,0
R-HSA-917729,4,0.0,0.0,0.0,1.0,0.0,0.0,,0
R-HSA-4641258,4,0.0,0.0,0.0,1.0,0.0,0.0,,0
R-HSA-901032,4,0.0,0.0,0.0,1.0,0.0,0.0,,0
R-HSA-5607761,4,0.0,0.0,0.0,1.0,0.0,0.0,,0
R-HSA-5655862,4,0.0,0.0,0.0,1.0,0.0,0.0,,0
R-HSA-5656121,4,0.0,0.0,0.0,1.0,0.0,0.0,,0
R-HSA-5656169,4,0.0,0.0,0.0,1.0,0.0,0.0,,0
R-HSA-5668541,4,0.0,0.0,0.0,1.0,0.0,0.0,,0
R-HSA-5676590,4,0.0,0.0,0.0,1.0,0.0,0.0,,0
R-HSA-5685942,4,0.0,0.0,0.0,1.0,0.0,0.0,,0
R-HSA-5693607,4,0.0,0.0,0.0,1.0,0.0,0.0,,0
R-HSA-5696397,4,0.0,0.0,0.0,1.0,0.0,0.0,,0
R-HSA-6804760,4,0.0,0.0,0.0,1.0,0.0,0.0,,0
R-HSA-68867,4,0.0,0.0,0.0,1.0,0.0,0.0,,0
R-HSA-174048,4,0.0,0.0,0.0,1.0,0.0,0.0,,0
R-HSA-69017,4,0.0,0.0,0.0,1.0,0.0,0.0,,0
R-HSA-69481,4,0.0,0.0,0.0,1.0,0.0,0.0,,0
R-HSA-69541,4,0.0,0.0,0.0,1.0,0.0,0.0,,0
R-HSA-8876493,4,0.0,0.0,0.0,1.0,0.0,0.0,,0
R-HSA-8948747,4,0.0,0.0,0.0,1.0,0.0,0.0,,0
R-HSA-174084,4,0.0,0.0,0.0,1.0,0.0,0.0,,0
R-HSA-1181150,4,0.0,0.0,0.0,0.75,0.25,0.0,,0
R-HSA-162588,4,0.0,0.0,0.0,1.0,0.0,0.0,,0
R-HSA-75892,4,0.0,0.0,0.0,0.5,0.75,0.0,,0
R-HSA-1963642,4,0.0,0.0,0.0,1.0,1.0,0.0,,0
R-HSA-5140745,4,0.0,0.0,0.0,0.25,1.0,1.0,,0
R-HSA-444473,4,0.0,0.0,0.0,0.25,1.0,0.25,,0
R-HSA-70263,4,0.0,0.0,0.0,0.0,0.25,0.25,,0
R-HSA-3772470,4,0.0,0.0,0.0,0.0,0.0,0.0,,0
R-HSA-9830674,4,0.0,0.0,0.0,0.5,1.0,0.0,,0
R-HSA-977347,4,0.25,0.5,0.0,0.0,0.25,0.0,,0
R-HSA-5218920,4,0.0,0.0,0.0,1.0,0.5,0.5,,0
R-HSA-390471,4,0.0,0.0,0.0,0.25,0.0,0.0,,0
R-HSA-422085,4,0.25,0.25,0.0,0.25,0.0,0.25,,0
R-HSA-210991,4,0.0,0.25,0.0,0.25,0.25,0.5,,0
R-HSA-879415,4,0.0,0.0,0.0,0.5,0.75,0.5,,0
R-HSA-428540,4,0.0,0.0,0.0,0.5,0.75,0.25,,0
R-HSA-5654689,4,0.0,0.0,0.0,0.5,0.5,0.0,,0
R-HSA-5654695,4,0.0,0.0,0.0,0.5,0.5,0.0,,0
R-HSA-5654710,4,0.0,0.0,0.0,0.5,0.5,0.0,,0
R-HSA-5654720,4,0.0,0.0,0.0,0.5,0.5,0.0,,0
R-HSA-389359,4,0.0,0.0,0.0,1.0,0.5,0.25,,0
R-HSA-9854311,4,0.0,0.0,0.0,0.0,0.0,0.25,,0
R-HSA-5173214,4,0.0,0.0,0.0,0.0,0.0,0.0,,0
R-HSA-5083635,4,0.0,0.0,0.0,0.0,0.0,0.0,,0
R-HSA-3000480,4,0.0,0.0,0.0,0.0,0.75,0.25,,0
R-HSA-4419969,4,0.0,0.0,0.0,0.25,0.25,0.0,,0
R-HSA-192105,4,0.0,0.25,0.0,0.25,0.75,0.25,,0
R-HSA-9673767,4,0.0,0.0,0.0,0.5,0.5,0.0,,0
R-HSA-9717207,4,0.0,0.0,0.0,0.0,0.0,0.0,,0
R-HSA-196807,4,0.25,0.25,0.0,0.0,0.25,0.0,,0
R-HSA-5637810,4,0.0,0.0,0.0,0.75,0.75,0.0,,0
R-HSA-350054,4,0.0,0.0,0.0,0.0,0.0,0.0,,0
R-HSA-186763,4,0.0,0.0,0.0,0.5,0.5,0.0,,0
R-HSA-1250196,4,0.0,0.0,0.0,0.75,0.75,0.0,,0
R-HSA-9665348,4,0.0,0.0,0.0,0.5,0.75,0.0,,0
R-HSA-9665686,4,0.0,0.0,0.0,0.5,0.75,0.0,,0
R-HSA-9670439,4,0.0,0.0,0.0,0.5,0.5,0.0,,0
R-HSA-9673770,4,0.0,0.0,0.0,0.5,0.5,0.0,,0
R-HSA-9683610,4,0.25,0.0,0.0,0.5,0.75,0.0,,0
R-HSA-2022377,4,0.0,0.5,0.0,0.0,0.5,0.25,,0
R-HSA-2129379,4,0.0,0.0,0.0,0.25,0.75,0.0,,0
R-HSA-186797,4,0.0,0.0,0.0,0.25,0.0,0.0,,0
R-HSA-1592389,4,0.0,0.0,0.0,0.25,0.25,0.0,,0
R-HSA-499943,4,0.0,0.25,0.0,0.5,0.0,0.0,,0
R-HSA-418990,4,0.0,0.0,0.0,0.0,0.25,0.0,,0
R-HSA-8873719,4,0.0,0.0,0.0,0.0,0.5,1.0,,0
R-HSA-9694631,4,0.25,0.0,0.0,0.5,0.75,0.0,,0
R-HSA-389948,4,0.0,0.0,0.0,0.25,1.0,0.0,,0
R-HSA-1566977,4,0.0,0.0,0.0,0.25,0.25,0.0,,0
R-HSA-5621575,4,0.0,0.0,0.0,0.75,0.5,0.25,,0
R-HSA-193807,4,0.0,0.25,0.0,0.25,0.75,0.0,,0
R-HSA-9027276,4,0.0,0.0,0.0,1.0,1.0,0.0,,0
R-HSA-9707616,4,0.0,0.0,0.0,0.0,0.75,0.0,,0
R-HSA-9840310,4,0.0,0.5,0.0,0.0,0.5,0.0,,0
R-HSA-5362517,4,0.0,0.0,0.0,0.0,0.25,0.0,,0
R-HSA-1433559,4,0.0,0.0,0.0,1.0,1.0,0.0,,0
R-HSA-8952158,4,0.0,0.0,0.0,0.5,0.25,0.0,,0
R-HSA-2454202,4,0.0,0.0,0.0,0.5,1.0,0.0,,0
R-HSA-389513,4,0.0,0.0,0.0,0.75,1.0,0.25,,0
R-HSA-5621480,4,0.0,0.0,0.0,0.5,0.75,0.0,,0
R-HSA-8854518,4,0.0,0.0,0.0,0.5,0.25,0.25,,0
R-HSA-2022870,4,0.0,0.5,0.0,0.0,0.0,0.0,,0
R-HSA-9634638,4,0.0,0.0,0.0,0.5,0.25,0.25,,0
R-HSA-9725554,4,0.0,0.0,0.0,0.5,0.75,0.0,,0
R-HSA-9617828,4,0.0,0.0,0.0,0.5,0.25,0.0,,0
R-HSA-9735871,4,0.0,0.0,0.0,0.5,0.25,0.0,,0
R-HSA-9839394,4,0.0,0.0,0.0,0.5,0.5,0.0,,0
R-HSA-380284,4,0.0,0.0,0.0,0.5,0.25,0.25,,0
R-HSA-380270,4,0.0,0.0,0.0,0.5,0.25,0.25,,0
R-HSA-9614657,4,0.0,0.0,0.0,0.0,0.25,0.0,,0
R-HSA-5607763,4,0.0,0.0,0.0,0.0,0.0,0.5,,0
R-HSA-112043,4,0.0,0.0,0.0,0.0,0.25,0.5,,0
R-HSA-156584,4,0.25,0.25,0.0,0.0,0.0,0.0,,0
R-HSA-77289,4,0.0,0.0,0.0,0.0,0.25,0.0,,0
R-HSA-9856532,4,0.0,0.0,0.0,0.5,0.5,0.25,,0
R-HSA-1483191,4,0.25,0.25,0.0,0.0,0.0,0.0,,0
R-HSA-264870,4,0.0,0.0,0.0,0.0,0.0,0.0,,0
R-HSA-110312,4,0.0,0.0,0.0,1.0,0.0,0.0,,0
R-HSA-2046106,4,0.0,0.25,0.0,0.0,0.0,0.0,,0
R-HSA-1234176,4,0.0,0.0,0.0,1.0,0.0,0.0,,0
R-HSA-389357,4,0.0,0.0,0.0,1.0,1.0,0.25,,0
R-HSA-380259,4,0.0,0.0,0.0,0.5,0.25,0.25,,0
R-HSA-2046105,4,0.0,0.25,0.0,0.0,0.0,0.0,,0
R-HSA-391160,4,0.0,0.0,0.0,0.75,1.0,0.5,,0
R-HSA-6809371,4,0.0,0.0,0.0,0.0,0.0,0.0,,0
R-HSA-1221632,3,0.0,0.0,0.0,0.0,0.0,0.3333333333333333,,0
R-HSA-1799339,3,0.0,0.0,0.0,0.6666666666666666,0.0,0.0,,0
R-HSA-1296072,3,0.0,0.0,0.0,0.3333333333333333,0.6666666666666666,0.6666666666666666,,0
R-HSA-1059683,3,0.0,0.0,0.0,0.3333333333333333,0.6666666666666666,0.0,,0
R-HSA-6807505,3,0.0,0.0,0.0,0.0,0.0,0.0,,0
R-HSA-9768727,3,0.0,0.0,0.0,0.0,0.0,0.0,,0
R-HSA-9031528,3,0.0,0.0,0.0,0.6666666666666666,1.0,0.0,,0
R-HSA-9623433,3,0.0,0.0,0.0,0.6666666666666666,1.0,0.0,,0
R-HSA-180024,3,0.0,0.0,0.0,0.6666666666666666,0.0,0.0,,0
R-HSA-5682910,3,0.0,0.0,0.0,0.0,0.6666666666666666,0.0,,0
R-HSA-114516,3,0.0,0.0,0.0,0.3333333333333333,0.3333333333333333,0.3333333333333333,,0
R-HSA-9696273,3,0.0,0.0,0.0,0.3333333333333333,0.6666666666666666,0.0,,0
R-HSA-1369062,3,0.0,0.0,0.0,0.0,0.0,1.0,,0
R-HSA-114508,3,0.0,0.0,0.0,0.3333333333333333,0.3333333333333333,0.6666666666666666,,0
R-HSA-9825892,3,0.0,0.0,0.0,0.3333333333333333,0.0,0.0,,0
R-HSA-352230,3,0.6666666666666666,1.0,0.0,0.0,0.3333333333333333,1.0,,0
R-HSA-5625740,3,0.0,0.0,0.0,0.6666666666666666,0.3333333333333333,0.3333333333333333,,0
R-HSA-139853,3,0.0,0.0,0.0,0.3333333333333333,0.3333333333333333,0.6666666666666666,,0
R-HSA-9013695,3,0.0,0.0,0.0,0.3333333333333333,0.3333333333333333,0.0,,0
R-HSA-9931509,3,0.0,0.0,0.0,0.0,0.6666666666666666,0.0,,0
R-HSA-3214842,3,0.0,0.0,0.0,0.0,0.0,0.0,,0
R-HSA-9933387,3,0.0,0.0,0.0,0.0,1.0,0.0,,0
R-HSA-210745,3,0.0,0.0,0.0,0.0,0.0,0.0,,0
R-HSA-1227986,3,0.0,0.0,0.0,0.6666666666666666,1.0,0.0,,0
R-HSA-8936459,3,0.0,0.0,0.0,0.0,0.0,0.3333333333333333,,0
R-HSA-9842663,3,0.0,0.0,0.0,1.0,1.0,0.0,,0
R-HSA-2162123,3,0.0,0.6666666666666666,0.0,0.0,0.0,0.0,,0
R-HSA-9032500,3,0.0,0.0,0.0,0.3333333333333333,1.0,0.0,,0
R-HSA-9828806,3,0.0,0.0,0.0,0.3333333333333333,0.3333333333333333,0.3333333333333333,,0
R-HSA-9931530,3,0.0,0.0,0.0,1.0,0.3333333333333333,0.3333333333333333,,0
R-HSA-1655829,3,0.0,0.0,0.0,0.0,0.6666666666666666,0.3333333333333333,,0
R-HSA-9842640,3,0.0,0.0,0.0,1.0,0.6666666666666666,0.0,,0
R-HSA-9008059,3,0.0,0.0,0.0,0.6666666666666666,0.6666666666666666,0.0,,0
R-HSA-198203,3,0.0,0.0,0.0,1.0,1.0,0.0,,0
R-HSA-112399,3,0.0,0.0,0.0,1.0,1.0,0.0,,0
R-HSA-191273,3,0.0,0.0,0.0,0.0,0.3333333333333333,0.0,,0
R-HSA-354192,3,0.0,0.0,0.0,0.6666666666666666,0.6666666666666666,0.3333333333333333,,0
R-HSA-198323,3,0.0,0.0,0.0,1.0,1.0,0.3333333333333333,,0
R-HSA-379716,3,0.0,1.0,0.0,0.0,0.0,0.0,,0
R-HSA-399719,3,0.0,0.0,0.0,0.0,1.0,0.0,,0
R-HSA-1250342,3,0.0,0.0,0.0,1.0,1.0,0.0,,0
R-HSA-69273,3,0.0,0.0,0.0,1.0,0.0,0.0,,0
R-HSA-417957,3,0.0,0.0,0.0,0.0,1.0,0.0,,0
R-HSA-2028269,3,0.0,0.0,0.0,0.3333333333333333,0.0,0.0,,0
R-HSA-8939211,3,0.0,0.0,0.0,1.0,0.6666666666666666,0.0,,0
R-HSA-198753,3,0.0,0.0,0.0,0.6666666666666666,0.0,0.0,,0
R-HSA-8949613,3,0.0,0.0,0.0,0.0,0.0,0.3333333333333333,,0
R-HSA-6791226,3,0.0,0.0,0.0,1.0,0.3333333333333333,0.3333333333333333,,0
R-HSA-140534,3,0.0,0.0,0.0,0.0,1.0,0.0,,0
R-HSA-5669034,3,0.0,0.0,0.0,0.0,1.0,0.0,,0
R-HSA-69656,3,0.0,0.0,0.0,1.0,0.3333333333333333,0.3333333333333333,,0
R-HSA-1502540,3,0.0,0.0,0.0,1.0,0.3333333333333333,0.0,,0
R-HSA-5250971,3,0.0,0.0,0.0,0.0,0.3333333333333333,0.0,,0
R-HSA-9031525,3,0.0,0.0,0.0,0.6666666666666666,1.0,0.0,,0
R-HSA-9032759,3,0.0,0.0,0.0,0.3333333333333333,1.0,0.0,,0
R-HSA-418457,3,0.0,0.6666666666666666,0.0,0.0,0.0,0.3333333333333333,,0
R-HSA-5654688,3,0.0,0.0,0.0,0.0,0.0,0.0,,0
R-HSA-9029558,3,0.0,0.0,0.0,0.6666666666666666,1.0,0.0,,0
R-HSA-9768777,3,0.0,0.0,0.0,0.0,0.6666666666666666,0.0,,0
R-HSA-202427,3,0.0,0.0,0.0,0.0,1.0,0.0,,0
R-HSA-9733709,3,0.0,0.0,0.0,0.3333333333333333,0.0,0.0,,0
R-HSA-2995383,3,0.0,0.0,0.0,0.0,0.3333333333333333,0.3333333333333333,,0
R-HSA-73762,3,0.0,0.0,0.0,0.0,0.0,0.0,,0
R-HSA-6804758,3,0.0,0.0,0.0,0.3333333333333333,0.3333333333333333,0.3333333333333333,,0
R-HSA-380108,3,0.0,0.0,0.0,0.0,0.6666666666666666,0.0,,0
R-HSA-3214815,3,0.0,0.0,0.0,0.0,0.3333333333333333,0.0,,0
R-HSA-418885,3,0.0,0.0,0.0,0.0,0.3333333333333333,0.0,,0
R-HSA-5661231,3,0.0,0.0,0.0,0.0,0.0,0.0,,0
R-HSA-9609523,3,0.0,0.0,0.0,0.0,1.0,0.3333333333333333,,0
R-HSA-9022702,3,0.0,0.0,0.0,0.0,0.3333333333333333,0.0,,0
R-HSA-5339717,3,0.0,0.0,0.0,0.0,0.0,0.0,,0
R-HSA-1236973,3,0.0,0.0,0.0,0.0,0.3333333333333333,0.0,,0
R-HSA-2428928,3,0.0,0.0,0.0,1.0,0.6666666666666666,0.3333333333333333,,0
R-HSA-399954,3,0.0,0.0,0.0,0.6666666666666666,0.6666666666666666,0.3333333333333333,,0
R-HSA-8851708,3,0.0,0.0,0.0,0.0,0.0,0.0,,0
R-HSA-1912408,3,0.0,0.0,0.0,0.0,0.0,0.0,,0
R-HSA-450341,3,0.0,0.0,0.0,0.6666666666666666,0.3333333333333333,0.0,,0
R-HSA-445144,3,0.0,0.0,0.0,1.0,0.6666666666666666,0.3333333333333333,,0
R-HSA-9927432,3,0.0,0.0,0.0,0.6666666666666666,0.6666666666666666,0.0,,0
R-HSA-5578768,3,0.0,0.3333333333333333,0.0,0.3333333333333333,0.3333333333333333,0.6666666666666666,,0
R-HSA-2032785,3,0.0,0.0,0.0,0.6666666666666666,0.3333333333333333,0.3333333333333333,,0
R-HSA-8941855,3,0.0,0.0,0.0,0.6666666666666666,0.6666666666666666,0.0,,0
R-HSA-3656532,3,0.0,0.0,0.0,0.6666666666666666,1.0,0.0,,0
R-HSA-5654699,3,0.0,0.0,0.0,0.0,0.0,0.0,,0
R-HSA-5654700,3,0.0,0.0,0.0,0.0,0.0,0.0,,0
R-HSA-5654704,3,0.0,0.0,0.0,0.0,0.0,0.0,,0
R-HSA-5654706,3,0.0,0.0,0.0,0.0,0.0,0.0,,0
R-HSA-5654712,3,0.0,0.0,0.0,0.0,0.0,0.0,,0
R-HSA-5654719,3,0.0,0.0,0.0,0.0,0.0,0.0,,0
R-HSA-5655291,3,0.0,0.0,0.0,0.6666666666666666,0.6666666666666666,0.0,,0
R-HSA-5673000,3,0.0,0.0,0.0,0.6666666666666666,0.0,0.0,,0
R-HSA-375165,3,0.0,0.0,0.0,0.3333333333333333,0.0,0.0,,0
R-HSA-2428933,3,0.0,0.0,0.0,0.6666666666666666,0.3333333333333333,0.3333333333333333,,0
R-HSA-210993,3,0.0,0.0,0.0,0.6666666666666666,0.6666666666666666,0.0,,0
R-HSA-1963640,3,0.0,0.0,0.0,0.6666666666666666,0.6666666666666666,0.0,,0
R-HSA-9026519,3,0.0,0.0,0.0,0.3333333333333333,0.6666666666666666,0.0,,0
R-HSA-9027284,3,0.0,0.0,0.0,0.6666666666666666,0.3333333333333333,0.0,,0
R-HSA-9028731,3,0.0,0.0,0.0,0.3333333333333333,0.6666666666666666,0.0,,0
R-HSA-1250347,3,0.0,0.0,0.0,0.6666666666666666,0.6666666666666666,0.0,,0
R-HSA-9660826,3,0.0,0.0,0.0,0.0,1.0,0.6666666666666666,,0
R-HSA-75205,3,0.0,0.0,0.0,0.3333333333333333,0.3333333333333333,0.0,,0
R-HSA-3304356,3,0.0,0.0,0.0,0.6666666666666666,1.0,0.0,,0
R-HSA-74749,3,0.0,0.0,0.0,1.0,0.6666666666666666,0.3333333333333333,,0
R-HSA-5250924,3,0.0,0.0,0.0,0.3333333333333333,0.3333333333333333,0.0,,0
R-HSA-159418,3,0.0,0.3333333333333333,0.0,0.3333333333333333,0.6666666666666666,0.3333333333333333,,0
R-HSA-180746,3,0.0,0.0,0.0,0.3333333333333333,0.3333333333333333,1.0,,0
R-HSA-6814122,3,0.0,0.0,0.0,0.0,0.6666666666666666,0.0,,0
R-HSA-111447,3,0.0,0.0,0.0,0.3333333333333333,0.3333333333333333,0.3333333333333333,,0
R-HSA-9824594,3,0.0,0.0,0.0,0.0,0.3333333333333333,0.0,,0
R-HSA-9864848,3,0.0,0.0,0.0,0.0,0.0,1.0,,0
R-HSA-9013700,3,0.0,0.0,0.0,0.0,0.6666666666666666,0.0,,0
R-HSA-159236,3,0.0,0.0,0.0,0.3333333333333333,0.0,0.6666666666666666,,0
R-HSA-168271,3,0.0,0.0,0.0,0.3333333333333333,0.3333333333333333,1.0,,0
R-HSA-168276,3,0.0,0.0,0.0,0.3333333333333333,0.3333333333333333,1.0,,0
R-HSA-168325,3,0.0,0.0,0.0,0.3333333333333333,0.0,0.6666666666666666,,0
R-HSA-3108214,3,0.0,0.0,0.0,0.3333333333333333,0.0,0.6666666666666666,,0
R-HSA-2172127,3,0.0,0.0,0.0,0.3333333333333333,1.0,0.0,,0
R-HSA-4551638,3,0.0,0.0,0.0,0.3333333333333333,0.0,0.6666666666666666,,0
R-HSA-5578749,3,0.0,0.0,0.0,0.3333333333333333,0.0,0.6666666666666666,,0
R-HSA-6784531,3,0.0,0.0,0.0,0.3333333333333333,0.0,0.6666666666666666,,0
R-HSA-1236978,3,0.0,0.0,0.0,0.0,0.6666666666666666,0.0,,0
R-HSA-1266695,3,0.0,0.0,0.0,0.6666666666666666,0.6666666666666666,0.0,,0
R-HSA-8851907,3,0.0,0.0,0.0,1.0,1.0,0.0,,0
R-HSA-8875555,3,0.0,0.0,0.0,0.6666666666666666,0.6666666666666666,0.0,,0
R-HSA-450520,3,0.0,0.0,0.0,0.3333333333333333,0.3333333333333333,0.0,,0
R-HSA-1368108,3,0.0,0.0,0.0,0.0,0.6666666666666666,0.0,,0
R-HSA-9634597,3,0.0,0.0,0.0,0.6666666666666666,0.6666666666666666,0.0,,0
R-HSA-9912481,3,0.0,0.0,0.0,0.3333333333333333,0.0,0.0,,0
R-HSA-156590,3,0.0,1.0,0.0,0.0,0.0,0.0,,0
R-HSA-1810476,3,0.0,0.0,0.0,0.3333333333333333,0.3333333333333333,0.0,,0
R-HSA-1489509,3,0.0,0.0,0.0,0.0,0.0,0.6666666666666666,,0
R-HSA-210990,3,0.0,0.0,0.0,1.0,1.0,0.0,,0
R-HSA-6811440,3,0.0,0.0,0.0,0.0,0.3333333333333333,1.0,,0
R-HSA-389356,3,0.0,0.0,0.0,0.6666666666666666,1.0,0.0,,0
R-HSA-5690714,3,0.0,0.0,0.0,1.0,1.0,0.0,,0
R-HSA-163125,3,0.0,0.0,0.0,0.0,0.3333333333333333,0.0,,0
R-HSA-9841251,3,0.0,0.0,0.0,0.3333333333333333,0.3333333333333333,0.3333333333333333,,0
R-HSA-9617629,3,0.0,0.0,0.0,0.0,0.0,0.0,,0
R-HSA-9614399,3,0.0,0.0,0.0,0.3333333333333333,0.3333333333333333,0.3333333333333333,,0
R-HSA-198693,3,0.0,0.0,0.0,0.3333333333333333,0.3333333333333333,0.3333333333333333,,0
R-HSA-193692,3,0.0,0.0,0.0,0.0,1.0,0.0,,0
R-HSA-204174,3,0.0,0.0,0.0,0.0,0.0,0.0,,0
R-HSA-9861559,3,0.0,0.0,0.0,0.0,0.0,0.0,,0
R-HSA-2892247,3,0.0,0.0,0.0,0.3333333333333333,0.3333333333333333,0.0,,0
R-HSA-111453,3,0.0,0.0,0.0,0.0,0.0,0.0,,0
R-HSA-1296052,3,0.0,0.0,0.0,0.0,0.0,0.0,,0
R-HSA-5654693,3,0.0,0.0,0.0,0.0,0.0,0.0,,0
R-HSA-9772755,3,0.0,0.0,0.0,0.3333333333333333,0.0,0.3333333333333333,,0
R-HSA-9909505,3,0.0,0.0,0.0,1.0,0.6666666666666666,0.0,,0
R-HSA-5576894,3,0.0,0.0,0.0,0.0,0.0,0.3333333333333333,,0
