Entry,ChEBI_ID
B4DFE9,CHEBI:75536
B4DFE9,CHEBI:131969
B4DFE9,CHEBI:131970
B4DFE9,CHEBI:78100
B4DFE9,CHEBI:76625
B4DFE9,CHEBI:138003
B4DFE9,CHEBI:58797
B4DFE9,CHEBI:85150
B4DFE9,CHEBI:85152
B4DFE9,CHEBI:43474
B4DFE9,CHEBI:84027
B4DFE9,CHEBI:138008
B4DFE9,CHEBI:131964
B4DFE9,CHEBI:138006
B4DFE9,CHEBI:131974
B4DFE9,CHEBI:75550
B4DFE9,CHEBI:78099
B4DFE9,CHEBI:85137
B4DFE9,CHEBI:85141
B4DFE9,CHEBI:132127
B4DFE9,CHEBI:84023
B4DFE9,CHEBI:138005
B4DFE9,CHEBI:75757
B4DFE9,CHEBI:15377
B4DFE9,CHEBI:84031
B4DFE9,CHEBI:84024
B4DFE9,CHEBI:18420
B4DFE9,CHEBI:58796
B4DFE9,CHEBI:75542
B4DFE9,CHEBI:84201
B4DFE9,CHEBI:72683
B4DFE9,CHEBI:84029
B4DFE9,CHEBI:34071
B4DFE9,CHEBI:138002
B4DFE9,CHEBI:85134
B4DFE9,CHEBI:74565
B4DFE9,CHEBI:74938
B4DFE9,CHEBI:131965
B4DFE9,CHEBI:78084
B4DFE9,CHEBI:140594
B4DFE9,CHEBI:84025
B4DFE9,CHEBI:138004
B4DFE9,CHEBI:32955
B4DFE9,CHEBI:84032
B4DFE9,CHEBI:57518
B4DFE9,CHEBI:74544
O00141,CHEBI:83421
O00141,CHEBI:15378
O00141,CHEBI:29999
O00141,CHEBI:30013
O00141,CHEBI:61977
O00141,CHEBI:456216
O00141,CHEBI:30616
O00194,CHEBI:43474
O00194,CHEBI:37565
O00194,CHEBI:18420
O00194,CHEBI:58189
O00194,CHEBI:15378
O00194,CHEBI:15377
O00299,CHEBI:17051
O00299,CHEBI:16382
O00299,CHEBI:58297
O00299,CHEBI:38290
O00299,CHEBI:17996
O00299,CHEBI:58539
O00299,CHEBI:18022
O00299,CHEBI:17632
O00299,CHEBI:57925
O00299,CHEBI:15858
O00429,CHEBI:43474
O00429,CHEBI:37565
O00429,CHEBI:58189
O00429,CHEBI:15378
O00429,CHEBI:15377
O00519,CHEBI:33384
O00519,CHEBI:146196
O00519,CHEBI:32395
O00519,CHEBI:137830
O00519,CHEBI:71466
O00519,CHEBI:146166
O00519,CHEBI:142684
O00519,CHEBI:52392
O00519,CHEBI:74475
O00519,CHEBI:32387
O00519,CHEBI:32426
O00519,CHEBI:77223
O00519,CHEBI:32392
O00519,CHEBI:146198
O00519,CHEBI:57603
O00519,CHEBI:32375
O00519,CHEBI:32372
O00519,CHEBI:2700
O00519,CHEBI:507393
O00519,CHEBI:71465
O00519,CHEBI:17754
O00519,CHEBI:133992
O00519,CHEBI:85299
O00519,CHEBI:79007
O00519,CHEBI:146197
O00519,CHEBI:15377
O00519,CHEBI:137125
O00519,CHEBI:149697
O00519,CHEBI:132049
O00519,CHEBI:25629
O00519,CHEBI:146186
O00519,CHEBI:30245
O00519,CHEBI:116314
O00519,CHEBI:17790
O00519,CHEBI:30823
O00519,CHEBI:31014
O00519,CHEBI:59002
O00519,CHEBI:71464
O00519,CHEBI:146191
O00519,CHEBI:23858
O00519,CHEBI:146164
O00519,CHEBI:82984
O00519,CHEBI:78033
O00519,CHEBI:7896
O00519,CHEBI:15378
O00519,CHEBI:146167
O00519,CHEBI:30807
O00519,CHEBI:77220
O00519,CHEBI:28938
O00519,CHEBI:57305
O00519,CHEBI:146165
O00519,CHEBI:146187
O00519,CHEBI:146168
O00519,CHEBI:71589
O00519,CHEBI:146163
O00555,CHEBI:29108
O00587,CHEBI:29035
O00587,CHEBI:15378
O00587,CHEBI:58223
O00587,CHEBI:189634
O00587,CHEBI:189632
O00587,CHEBI:57705
O00587,CHEBI:189631
O00587,CHEBI:189633
O14672,CHEBI:29105
O14874,CHEBI:83421
O14874,CHEBI:15378
O14874,CHEBI:29999
O14874,CHEBI:456216
O14874,CHEBI:30616
O14880,CHEBI:57463
O14880,CHEBI:90632
O14880,CHEBI:194498
O14880,CHEBI:58297
O14880,CHEBI:57450
O14880,CHEBI:57925
O14880,CHEBI:57973
O14880,CHEBI:15377
O14880,CHEBI:85236
O14920,CHEBI:83421
O14920,CHEBI:15378
O14920,CHEBI:29999
O14920,CHEBI:30013
O14920,CHEBI:61977
O14920,CHEBI:456216
O14920,CHEBI:30616
O15075,CHEBI:83421
O15075,CHEBI:15378
O15075,CHEBI:29999
O15075,CHEBI:30013
O15075,CHEBI:61977
O15075,CHEBI:456216
O15075,CHEBI:30616
O15118,CHEBI:16113
O15269,CHEBI:57385
O15269,CHEBI:71007
O15269,CHEBI:33384
O15269,CHEBI:57394
O15269,CHEBI:16526
O15269,CHEBI:15378
O15269,CHEBI:57379
O15269,CHEBI:57375
O15269,CHEBI:71008
O15269,CHEBI:57287
O15269,CHEBI:65073
O15269,CHEBI:597326
O15269,CHEBI:58299
O15270,CHEBI:33384
O15270,CHEBI:57394
O15270,CHEBI:16526
O15270,CHEBI:15378
O15270,CHEBI:57379
O15270,CHEBI:57287
O15270,CHEBI:65073
O15270,CHEBI:597326
O15270,CHEBI:58299
O15294,CHEBI:90840
O15294,CHEBI:15378
O15294,CHEBI:29999
O15294,CHEBI:58223
O15294,CHEBI:90838
O15294,CHEBI:30013
O15294,CHEBI:57705
O15357,CHEBI:43474
O15357,CHEBI:57658
O15357,CHEBI:83420
O15357,CHEBI:57836
O15357,CHEBI:83422
O15357,CHEBI:83417
O15357,CHEBI:15377
O15357,CHEBI:83416
O15554,CHEBI:29103
O43173,CHEBI:136545
O43173,CHEBI:60065
O43173,CHEBI:79214
O43173,CHEBI:197339
O43173,CHEBI:15378
O43173,CHEBI:140309
O43173,CHEBI:140308
O43173,CHEBI:197334
O43173,CHEBI:197340
O43173,CHEBI:139252
O43173,CHEBI:57812
O43173,CHEBI:60377
O43173,CHEBI:78436
O43173,CHEBI:79210
O43175,CHEBI:18110
O43175,CHEBI:15801
O43175,CHEBI:57540
O43175,CHEBI:15378
O43175,CHEBI:16452
O43175,CHEBI:16810
O43175,CHEBI:58272
O43175,CHEBI:57945
O43175,CHEBI:15589
O43426,CHEBI:58456
O43426,CHEBI:43474
O43426,CHEBI:15377
O43426,CHEBI:58178
O43581,CHEBI:29108
O43865,CHEBI:57540
O60229,CHEBI:83421
O60229,CHEBI:18420
O60229,CHEBI:15378
O60229,CHEBI:29999
O60229,CHEBI:30013
O60229,CHEBI:61977
O60229,CHEBI:456216
O60229,CHEBI:30616
O60264,CHEBI:43474
O60264,CHEBI:15378
O60264,CHEBI:456216
O60264,CHEBI:30616
O60264,CHEBI:15377
O60427,CHEBI:73862
O60427,CHEBI:15378
O60427,CHEBI:29034
O60427,CHEBI:85651
O60427,CHEBI:74265
O60427,CHEBI:29033
O60427,CHEBI:57368
O60427,CHEBI:74296
O60427,CHEBI:74264
O60427,CHEBI:15377
O60427,CHEBI:15379
O60507,CHEBI:46858
O60507,CHEBI:58339
O60507,CHEBI:65286
O60507,CHEBI:15378
O60507,CHEBI:58343
O75173,CHEBI:29105
O75251,CHEBI:17976
O75251,CHEBI:57540
O75251,CHEBI:15378
O75251,CHEBI:49883
O75251,CHEBI:16389
O75251,CHEBI:57945
O75306,CHEBI:17976
O75306,CHEBI:57540
O75306,CHEBI:15378
O75306,CHEBI:49883
O75306,CHEBI:16389
O75306,CHEBI:57945
O75390,CHEBI:16947
O75390,CHEBI:15378
O75390,CHEBI:16452
O75390,CHEBI:57288
O75390,CHEBI:57287
O75390,CHEBI:15377
O75489,CHEBI:17976
O75489,CHEBI:57540
O75489,CHEBI:15378
O75489,CHEBI:16389
O75489,CHEBI:57945
O75914,CHEBI:83421
O75914,CHEBI:18420
O75914,CHEBI:15378
O75914,CHEBI:29999
O75914,CHEBI:30013
O75914,CHEBI:61977
O75914,CHEBI:456216
O75914,CHEBI:30616
O94788,CHEBI:15035
O94788,CHEBI:35291
O94788,CHEBI:57540
O94788,CHEBI:15378
O94788,CHEBI:194182
O94788,CHEBI:17898
O94788,CHEBI:57945
O94788,CHEBI:194183
O94788,CHEBI:15377
O94788,CHEBI:15036
O94804,CHEBI:83421
O94804,CHEBI:15378
O94804,CHEBI:29999
O94804,CHEBI:30013
O94804,CHEBI:61977
O94804,CHEBI:456216
O94804,CHEBI:30616
O94911,CHEBI:43474
O94911,CHEBI:16113
O94911,CHEBI:15378
O94911,CHEBI:60050
O94911,CHEBI:456216
O94911,CHEBI:30616
O94911,CHEBI:36257
O94911,CHEBI:82961
O94911,CHEBI:57973
O94911,CHEBI:15377
O94956,CHEBI:131725
O94956,CHEBI:17544
O94956,CHEBI:58448
O94956,CHEBI:57406
O94956,CHEBI:60050
O94956,CHEBI:190692
O94956,CHEBI:57905
O94956,CHEBI:36257
O94956,CHEBI:133000
O94956,CHEBI:606564
O95237,CHEBI:78228
O95237,CHEBI:17336
O95237,CHEBI:138266
O95237,CHEBI:140082
O95237,CHEBI:76078
O95237,CHEBI:140089
O95237,CHEBI:138724
O95237,CHEBI:83228
O95237,CHEBI:140084
O95237,CHEBI:65211
O95237,CHEBI:138195
O95237,CHEBI:57875
O95237,CHEBI:72999
O95237,CHEBI:17616
O95237,CHEBI:63410
O95237,CHEBI:57643
O95237,CHEBI:140088
O95299,CHEBI:57692
O95470,CHEBI:17585
O95470,CHEBI:57939
O95470,CHEBI:17600
O95470,CHEBI:58190
O95470,CHEBI:60119
O95470,CHEBI:597326
O95677,CHEBI:46858
O95677,CHEBI:43474
O95677,CHEBI:18420
O95677,CHEBI:61978
O95677,CHEBI:15377
O95831,CHEBI:57540
O95831,CHEBI:15378
O95831,CHEBI:57692
O95831,CHEBI:17499
O95831,CHEBI:13193
O95831,CHEBI:57945
O95864,CHEBI:74083
O95864,CHEBI:29034
O95864,CHEBI:74034
O95864,CHEBI:57383
O95864,CHEBI:57379
O95864,CHEBI:57363
O95864,CHEBI:15377
O95864,CHEBI:74339
O95864,CHEBI:71489
O95864,CHEBI:74265
O95864,CHEBI:76410
O95864,CHEBI:74296
O95864,CHEBI:74086
O95864,CHEBI:85652
O95864,CHEBI:15379
O95864,CHEBI:15378
O95864,CHEBI:74328
O95864,CHEBI:29033
O95864,CHEBI:74264
O95992,CHEBI:16113
O95992,CHEBI:15378
O95992,CHEBI:58349
O95992,CHEBI:17499
O95992,CHEBI:13193
O95992,CHEBI:42977
O95992,CHEBI:15377
O95992,CHEBI:24875
O95992,CHEBI:15379
O95992,CHEBI:57783
P00568,CHEBI:58223
P00568,CHEBI:58593
P00568,CHEBI:61404
P00568,CHEBI:58595
P00568,CHEBI:73316
P00568,CHEBI:30616
P00568,CHEBI:58069
P00568,CHEBI:37565
P00568,CHEBI:61560
P00568,CHEBI:58189
P00568,CHEBI:61481
P00568,CHEBI:58938
P00568,CHEBI:456216
P00568,CHEBI:46398
P00568,CHEBI:61429
P00568,CHEBI:37563
P00568,CHEBI:58245
P00568,CHEBI:57667
P00568,CHEBI:18420
P00568,CHEBI:61557
P00568,CHEBI:58369
P00568,CHEBI:37568
P00568,CHEBI:58043
P00568,CHEBI:58937
P00568,CHEBI:456215
P00568,CHEBI:57930
P01112,CHEBI:43474
P01112,CHEBI:37565
P01112,CHEBI:58189
P01112,CHEBI:15378
P01112,CHEBI:15377
P02794,CHEBI:15378
P02794,CHEBI:29034
P02794,CHEBI:29033
P02794,CHEBI:15377
P02794,CHEBI:15379
P03886,CHEBI:17976
P03886,CHEBI:57540
P03886,CHEBI:15378
P03886,CHEBI:16389
P03886,CHEBI:57945
P03891,CHEBI:17976
P03891,CHEBI:57540
P03891,CHEBI:15378
P03891,CHEBI:16389
P03891,CHEBI:57945
P03897,CHEBI:17976
P03897,CHEBI:57540
P03897,CHEBI:15378
P03897,CHEBI:16389
P03897,CHEBI:57945
P04179,CHEBI:18421
P04179,CHEBI:29035
P04179,CHEBI:15378
P04179,CHEBI:16240
P04179,CHEBI:15379
P04406,CHEBI:57604
P04406,CHEBI:43474
P04406,CHEBI:57540
P04406,CHEBI:15378
P04406,CHEBI:29950
P04406,CHEBI:149494
P04406,CHEBI:57945
P04406,CHEBI:59776
P04839,CHEBI:18421
P04839,CHEBI:15378
P04839,CHEBI:57692
P04839,CHEBI:58349
P04839,CHEBI:15379
P04839,CHEBI:57783
P06213,CHEBI:46858
P06213,CHEBI:15378
P06213,CHEBI:456216
P06213,CHEBI:61978
P06213,CHEBI:30616
P06276,CHEBI:15378
P06276,CHEBI:15354
P06276,CHEBI:35287
P06276,CHEBI:29067
P06276,CHEBI:15377
P06733,CHEBI:58289
P06733,CHEBI:58702
P06733,CHEBI:15377
P06733,CHEBI:18420
P06737,CHEBI:43474
P06737,CHEBI:58601
P06737,CHEBI:15444
P06737,CHEBI:597326
P06744,CHEBI:61548
P06744,CHEBI:58247
P06744,CHEBI:234464
P06744,CHEBI:60332
P06744,CHEBI:58735
P06744,CHEBI:234465
P06744,CHEBI:57634
P06744,CHEBI:58225
P07099,CHEBI:84031
P07099,CHEBI:15378
P07099,CHEBI:32395
P07099,CHEBI:50014
P07099,CHEBI:76625
P07099,CHEBI:139164
P07099,CHEBI:17754
P07099,CHEBI:84025
P07099,CHEBI:84032
P07099,CHEBI:52392
P07099,CHEBI:139161
P07099,CHEBI:50004
P07099,CHEBI:15377
P07333,CHEBI:46858
P07333,CHEBI:15378
P07333,CHEBI:456216
P07333,CHEBI:61978
P07333,CHEBI:30616
P07384,CHEBI:29108
P07948,CHEBI:46858
P07948,CHEBI:15378
P07948,CHEBI:456216
P07948,CHEBI:61978
P07948,CHEBI:30616
P07949,CHEBI:46858
P07949,CHEBI:29108
P07949,CHEBI:15378
P07949,CHEBI:456216
P07949,CHEBI:61978
P07949,CHEBI:30616
P08069,CHEBI:46858
P08069,CHEBI:15378
P08069,CHEBI:456216
P08069,CHEBI:61978
P08069,CHEBI:30616
P08559,CHEBI:58937
P08559,CHEBI:18420
P08559,CHEBI:83099
P08559,CHEBI:16526
P08559,CHEBI:15378
P08559,CHEBI:83111
P08559,CHEBI:15361
P08575,CHEBI:46858
P08575,CHEBI:43474
P08575,CHEBI:61978
P08575,CHEBI:15377
P08631,CHEBI:46858
P08631,CHEBI:15378
P08631,CHEBI:456216
P08631,CHEBI:61978
P08631,CHEBI:30616
P09543,CHEBI:66954
P09543,CHEBI:78552
P09543,CHEBI:15377
P09543,CHEBI:15378
P09622,CHEBI:83099
P09622,CHEBI:57540
P09622,CHEBI:15378
P09622,CHEBI:57692
P09622,CHEBI:57945
P09622,CHEBI:83100
P0DMM9,CHEBI:133529
P0DMM9,CHEBI:59905
P0DMM9,CHEBI:57917
P0DMM9,CHEBI:176515
P0DMM9,CHEBI:72587
P0DMM9,CHEBI:133524
P0DMM9,CHEBI:58448
P0DMM9,CHEBI:140994
P0DMM9,CHEBI:233044
P0DMM9,CHEBI:533015
P0DMM9,CHEBI:176511
P0DMM9,CHEBI:350546
P0DMM9,CHEBI:58339
P0DMM9,CHEBI:71406
P0DMM9,CHEBI:176513
P0DMM9,CHEBI:140317
P0DMM9,CHEBI:176514
P0DMM9,CHEBI:176512
P0DMM9,CHEBI:233043
P0DMM9,CHEBI:15378
P0DMM9,CHEBI:33853
P0DMM9,CHEBI:57261
P0DMM9,CHEBI:58343
P0DMM9,CHEBI:233042
P11150,CHEBI:35020
P11150,CHEBI:28868
P11150,CHEBI:72999
P11150,CHEBI:75824
P11150,CHEBI:17855
P11150,CHEBI:75938
P11150,CHEBI:53753
P11150,CHEBI:64765
P11150,CHEBI:76478
P11150,CHEBI:16870
P11150,CHEBI:17968
P11150,CHEBI:57643
P11150,CHEBI:15377
P11150,CHEBI:75945
P11150,CHEBI:75735
P11150,CHEBI:30823
P11150,CHEBI:74617
P11150,CHEBI:76083
P11150,CHEBI:18035
P11150,CHEBI:52333
P11150,CHEBI:7896
P11150,CHEBI:58168
P11150,CHEBI:15378
P11150,CHEBI:74669
P11150,CHEBI:64563
P11150,CHEBI:57875
P11150,CHEBI:72998
P11150,CHEBI:73990
P11177,CHEBI:58937
P11177,CHEBI:83099
P11177,CHEBI:16526
P11177,CHEBI:15378
P11177,CHEBI:83111
P11177,CHEBI:15361
P11182,CHEBI:57345
P11182,CHEBI:233973
P11182,CHEBI:233974
P11182,CHEBI:83088
P11182,CHEBI:57338
P11182,CHEBI:83142
P11182,CHEBI:57287
P11182,CHEBI:88166
P11182,CHEBI:83100
P11511,CHEBI:15740
P11511,CHEBI:16469
P11511,CHEBI:137110
P11511,CHEBI:17347
P11511,CHEBI:15378
P11511,CHEBI:16330
P11511,CHEBI:137032
P11511,CHEBI:57618
P11511,CHEBI:1156
P11511,CHEBI:30413
P11511,CHEBI:58210
P11511,CHEBI:16422
P11511,CHEBI:137031
P11511,CHEBI:799
P11511,CHEBI:17263
P11511,CHEBI:15377
P11511,CHEBI:27576
P11511,CHEBI:15379
P11586,CHEBI:15740
P11586,CHEBI:43474
P11586,CHEBI:57455
P11586,CHEBI:15378
P11586,CHEBI:15636
P11586,CHEBI:195366
P11586,CHEBI:58349
P11586,CHEBI:456216
P11586,CHEBI:57453
P11586,CHEBI:30616
P11586,CHEBI:15377
P11586,CHEBI:57783
P11597,CHEBI:53753
P11597,CHEBI:46898
P11597,CHEBI:41509
P12235,CHEBI:30616
P12235,CHEBI:456216
P12235,CHEBI:15378
P12821,CHEBI:190699
P12821,CHEBI:17996
P12821,CHEBI:132988
P12821,CHEBI:190700
P12821,CHEBI:190704
P12821,CHEBI:189868
P12821,CHEBI:190697
P12821,CHEBI:133147
P12821,CHEBI:190689
P12821,CHEBI:190703
P12821,CHEBI:147362
P12821,CHEBI:147350
P12821,CHEBI:190706
P12821,CHEBI:190694
P12821,CHEBI:58506
P12821,CHEBI:15377
P12821,CHEBI:189869
P12821,CHEBI:190709
P12821,CHEBI:190692
P12821,CHEBI:190693
P12821,CHEBI:190708
P12821,CHEBI:147392
P12821,CHEBI:189870
P12821,CHEBI:190701
P12821,CHEBI:29105
P12821,CHEBI:190710
P12821,CHEBI:147352
P12821,CHEBI:190702
P12821,CHEBI:190696
P13284,CHEBI:35235
P13284,CHEBI:35491
P13284,CHEBI:29950
P13284,CHEBI:61694
P13284,CHEBI:50058
P13284,CHEBI:143812
P13637,CHEBI:43474
P13637,CHEBI:15378
P13637,CHEBI:456216
P13637,CHEBI:30616
P13637,CHEBI:29101
P13637,CHEBI:15377
P13637,CHEBI:29103
P13804,CHEBI:57692
P13929,CHEBI:58289
P13929,CHEBI:58702
P13929,CHEBI:15377
P13929,CHEBI:18420
P14867,CHEBI:17996
P16615,CHEBI:29108
P16615,CHEBI:43474
P16615,CHEBI:18420
P16615,CHEBI:15378
P16615,CHEBI:456216
P16615,CHEBI:30616
P16615,CHEBI:15377
P16885,CHEBI:29108
P16885,CHEBI:203600
P16885,CHEBI:15378
P16885,CHEBI:58456
P16885,CHEBI:17815
P16885,CHEBI:15377
P17174,CHEBI:35235
P17174,CHEBI:597326
P17174,CHEBI:16452
P17174,CHEBI:74359
P17174,CHEBI:61085
P17174,CHEBI:16810
P17174,CHEBI:57678
P17174,CHEBI:16763
P17174,CHEBI:140699
P17174,CHEBI:29985
P17174,CHEBI:29991
P17252,CHEBI:29108
P17252,CHEBI:83421
P17252,CHEBI:15378
P17252,CHEBI:29999
P17252,CHEBI:30013
P17252,CHEBI:61977
P17252,CHEBI:456216
P17252,CHEBI:30616
P17302,CHEBI:67143
P17302,CHEBI:143093
P17655,CHEBI:29108
P17948,CHEBI:46858
P17948,CHEBI:15378
P17948,CHEBI:456216
P17948,CHEBI:61978
P17948,CHEBI:30616
P18507,CHEBI:17996
P19525,CHEBI:46858
P19525,CHEBI:83421
P19525,CHEBI:18420
P19525,CHEBI:15378
P19525,CHEBI:29999
P19525,CHEBI:30013
P19525,CHEBI:61977
P19525,CHEBI:456216
P19525,CHEBI:61978
P19525,CHEBI:30616
P20020,CHEBI:43474
P20020,CHEBI:29108
P20020,CHEBI:15378
P20020,CHEBI:456216
P20020,CHEBI:30616
P20020,CHEBI:15377
P20336,CHEBI:43474
P20336,CHEBI:37565
P20336,CHEBI:18420
P20336,CHEBI:58189
P20336,CHEBI:15378
P20336,CHEBI:15377
P21579,CHEBI:29108
P21709,CHEBI:46858
P21709,CHEBI:15378
P21709,CHEBI:456216
P21709,CHEBI:61978
P21709,CHEBI:30616
P21796,CHEBI:15355
P21796,CHEBI:29108
P21796,CHEBI:18420
P21796,CHEBI:57643
P21796,CHEBI:29034
P21796,CHEBI:59905
P21796,CHEBI:17996
P21796,CHEBI:30616
P21796,CHEBI:29101
P21796,CHEBI:29985
P21796,CHEBI:29103
P21796,CHEBI:57262
P21860,CHEBI:46858
P21860,CHEBI:15378
P21860,CHEBI:456216
P21860,CHEBI:61978
P21860,CHEBI:30616
P22061,CHEBI:57856
P22061,CHEBI:59789
P22061,CHEBI:90596
P22061,CHEBI:90598
P22303,CHEBI:15355
P22303,CHEBI:15378
P22303,CHEBI:15354
P22303,CHEBI:30089
P22303,CHEBI:15377
P22732,CHEBI:37721
P23141,CHEBI:90230
P23141,CHEBI:32395
P23141,CHEBI:28868
P23141,CHEBI:29067
P23141,CHEBI:52392
P23141,CHEBI:16113
P23141,CHEBI:90233
P23141,CHEBI:17002
P23141,CHEBI:17754
P23141,CHEBI:30089
P23141,CHEBI:606564
P23141,CHEBI:15377
P23141,CHEBI:17224
P23141,CHEBI:30823
P23141,CHEBI:17763
P23141,CHEBI:57404
P23141,CHEBI:33308
P23141,CHEBI:15378
P23141,CHEBI:30879
P23141,CHEBI:46898
P23219,CHEBI:30245
P23219,CHEBI:136655
P23219,CHEBI:32395
P23219,CHEBI:57405
P23219,CHEBI:17499
P23219,CHEBI:77852
P23219,CHEBI:13193
P23219,CHEBI:77895
P23219,CHEBI:60344
P23219,CHEBI:82629
P23219,CHEBI:90850
P23219,CHEBI:15377
P23219,CHEBI:15379
P23470,CHEBI:46858
P23470,CHEBI:43474
P23470,CHEBI:61978
P23470,CHEBI:15377
P23471,CHEBI:46858
P23471,CHEBI:43474
P23471,CHEBI:61978
P23471,CHEBI:15377
P23921,CHEBI:29950
P23921,CHEBI:73316
P23921,CHEBI:50058
P23921,CHEBI:57930
P23921,CHEBI:15377
P24557,CHEBI:90694
P24557,CHEBI:57409
P24557,CHEBI:57405
P24557,CHEBI:57446
P24557,CHEBI:131859
P24557,CHEBI:17499
P24557,CHEBI:13193
P24557,CHEBI:57445
P24557,CHEBI:30413
P24557,CHEBI:59720
P24557,CHEBI:566274
P24557,CHEBI:57410
P24557,CHEBI:15377
P27144,CHEBI:58223
P27144,CHEBI:58593
P27144,CHEBI:61404
P27144,CHEBI:58595
P27144,CHEBI:73316
P27144,CHEBI:30616
P27144,CHEBI:58069
P27144,CHEBI:37565
P27144,CHEBI:58189
P27144,CHEBI:61560
P27144,CHEBI:61481
P27144,CHEBI:456216
P27144,CHEBI:46398
P27144,CHEBI:61429
P27144,CHEBI:37563
P27144,CHEBI:58245
P27144,CHEBI:57667
P27144,CHEBI:61557
P27144,CHEBI:58369
P27144,CHEBI:60377
P27144,CHEBI:58043
P27144,CHEBI:37568
P27144,CHEBI:456215
P27144,CHEBI:57930
P27144,CHEBI:57566
P27338,CHEBI:65296
P27338,CHEBI:59905
P27338,CHEBI:17169
P27338,CHEBI:180943
P27338,CHEBI:72587
P27338,CHEBI:7386
P27338,CHEBI:58263
P27338,CHEBI:225238
P27338,CHEBI:327995
P27338,CHEBI:228804
P27338,CHEBI:15377
P27338,CHEBI:15621
P27338,CHEBI:17478
P27338,CHEBI:58855
P27338,CHEBI:71406
P27338,CHEBI:225237
P27338,CHEBI:15379
P27338,CHEBI:57692
P27338,CHEBI:28938
P27338,CHEBI:27978
P27338,CHEBI:59338
P27338,CHEBI:16240
P27338,CHEBI:16424
P27448,CHEBI:83421
P27448,CHEBI:15378
P27448,CHEBI:29999
P27448,CHEBI:30013
P27448,CHEBI:61977
P27448,CHEBI:456216
P27448,CHEBI:30616
P27987,CHEBI:203600
P27987,CHEBI:15378
P27987,CHEBI:456216
P27987,CHEBI:30616
P27987,CHEBI:57895
P28331,CHEBI:17976
P28331,CHEBI:190135
P28331,CHEBI:15378
P28331,CHEBI:57540
P28331,CHEBI:49883
P28331,CHEBI:16389
P28331,CHEBI:57945
P28482,CHEBI:83421
P28482,CHEBI:18420
P28482,CHEBI:15378
P28482,CHEBI:29999
P28482,CHEBI:30013
P28482,CHEBI:61977
P28482,CHEBI:456216
P28482,CHEBI:30616
P29350,CHEBI:46858
P29350,CHEBI:43474
P29350,CHEBI:61978
P29350,CHEBI:15377
P30038,CHEBI:57540
P30038,CHEBI:15378
P30038,CHEBI:58066
P30038,CHEBI:57945
P30038,CHEBI:29985
P30038,CHEBI:15377
P30041,CHEBI:7896
P30041,CHEBI:58168
P30041,CHEBI:35924
P30041,CHEBI:15378
P30041,CHEBI:57379
P30041,CHEBI:28868
P30041,CHEBI:58297
P30041,CHEBI:72999
P30041,CHEBI:72998
P30041,CHEBI:30879
P30041,CHEBI:57287
P30041,CHEBI:57925
P30041,CHEBI:58342
P30041,CHEBI:57643
P30041,CHEBI:15377
P30304,CHEBI:46858
P30304,CHEBI:43474
P30304,CHEBI:61978
P30304,CHEBI:15377
P30305,CHEBI:46858
P30305,CHEBI:43474
P30305,CHEBI:61978
P30305,CHEBI:15377
P30307,CHEBI:46858
P30307,CHEBI:43474
P30307,CHEBI:61978
P30307,CHEBI:15377
P31040,CHEBI:30031
P31040,CHEBI:17976
P31040,CHEBI:57692
P31040,CHEBI:15588
P31040,CHEBI:132124
P31040,CHEBI:17479
P31040,CHEBI:24646
P31040,CHEBI:16389
P31040,CHEBI:15589
P31040,CHEBI:29806
P31749,CHEBI:83421
P31749,CHEBI:15378
P31749,CHEBI:29999
P31749,CHEBI:30013
P31749,CHEBI:61977
P31749,CHEBI:456216
P31749,CHEBI:30616
P32119,CHEBI:35924
P32119,CHEBI:29950
P32119,CHEBI:30879
P32119,CHEBI:50058
P32119,CHEBI:15377
P32455,CHEBI:43474
P32455,CHEBI:37565
P32455,CHEBI:58189
P32455,CHEBI:15378
P32455,CHEBI:58115
P32455,CHEBI:15377
P32456,CHEBI:43474
P32456,CHEBI:37565
P32456,CHEBI:58189
P32456,CHEBI:15378
P32456,CHEBI:15377
P32929,CHEBI:35235
P32929,CHEBI:29919
P32929,CHEBI:57843
P32929,CHEBI:15378
P32929,CHEBI:58161
P32929,CHEBI:15361
P32929,CHEBI:28938
P32929,CHEBI:16763
P32929,CHEBI:57476
P32929,CHEBI:62226
P32929,CHEBI:58199
P32929,CHEBI:15377
P32929,CHEBI:597326
P33121,CHEBI:57391
P33121,CHEBI:32395
P33121,CHEBI:30616
P33121,CHEBI:57287
P33121,CHEBI:65341
P33121,CHEBI:57560
P33121,CHEBI:77250
P33121,CHEBI:72745
P33121,CHEBI:57379
P33121,CHEBI:136117
P33121,CHEBI:57368
P33121,CHEBI:84024
P33121,CHEBI:18420
P33121,CHEBI:30823
P33121,CHEBI:77268
P33121,CHEBI:83139
P33121,CHEBI:33019
P33121,CHEBI:136407
P33121,CHEBI:136408
P33121,CHEBI:90718
P33121,CHEBI:7896
P33121,CHEBI:57387
P33121,CHEBI:61526
P33121,CHEBI:78832
P33121,CHEBI:37257
P33121,CHEBI:456215
P33121,CHEBI:136409
P34913,CHEBI:75536
P34913,CHEBI:131969
P34913,CHEBI:131970
P34913,CHEBI:78100
P34913,CHEBI:76625
P34913,CHEBI:138003
P34913,CHEBI:58797
P34913,CHEBI:85150
P34913,CHEBI:85152
P34913,CHEBI:43474
P34913,CHEBI:84027
P34913,CHEBI:138008
P34913,CHEBI:131964
P34913,CHEBI:85141
P34913,CHEBI:85137
P34913,CHEBI:84023
P34913,CHEBI:78099
P34913,CHEBI:132127
P34913,CHEBI:75550
P34913,CHEBI:131974
P34913,CHEBI:138006
P34913,CHEBI:138005
P34913,CHEBI:75757
P34913,CHEBI:15377
P34913,CHEBI:84031
P34913,CHEBI:84024
P34913,CHEBI:18420
P34913,CHEBI:58796
P34913,CHEBI:75542
P34913,CHEBI:84201
P34913,CHEBI:84029
P34913,CHEBI:72683
P34913,CHEBI:34071
P34913,CHEBI:138002
P34913,CHEBI:85134
P34913,CHEBI:74565
P34913,CHEBI:74938
P34913,CHEBI:140594
P34913,CHEBI:78084
P34913,CHEBI:131965
P34913,CHEBI:84025
P34913,CHEBI:138004
P34913,CHEBI:32955
P34913,CHEBI:84032
P34913,CHEBI:57518
P34913,CHEBI:74544
P35354,CHEBI:32395
P35354,CHEBI:17499
P35354,CHEBI:78836
P35354,CHEBI:52392
P35354,CHEBI:133133
P35354,CHEBI:132083
P35354,CHEBI:76079
P35354,CHEBI:90819
P35354,CHEBI:136655
P35354,CHEBI:57405
P35354,CHEBI:57446
P35354,CHEBI:132087
P35354,CHEBI:82629
P35354,CHEBI:137583
P35354,CHEBI:15377
P35354,CHEBI:58562
P35354,CHEBI:133134
P35354,CHEBI:138100
P35354,CHEBI:76091
P35354,CHEBI:90820
P35354,CHEBI:57409
P35354,CHEBI:30245
P35354,CHEBI:82628
P35354,CHEBI:85166
P35354,CHEBI:82626
P35354,CHEBI:90815
P35354,CHEBI:138099
P35354,CHEBI:90814
P35354,CHEBI:77852
P35354,CHEBI:60344
P35354,CHEBI:133820
P35354,CHEBI:90850
P35354,CHEBI:77016
P35354,CHEBI:133084
P35354,CHEBI:90824
P35354,CHEBI:15379
P35354,CHEBI:78837
P35354,CHEBI:90818
P35354,CHEBI:133819
P35354,CHEBI:90812
P35354,CHEBI:90632
P35354,CHEBI:138098
P35354,CHEBI:85165
P35354,CHEBI:90813
P35354,CHEBI:138101
P35354,CHEBI:90810
P35354,CHEBI:137584
P35354,CHEBI:13193
P35354,CHEBI:137582
P35354,CHEBI:77224
P35354,CHEBI:77895
P35354,CHEBI:71589
P35354,CHEBI:90793
P36873,CHEBI:43474
P36873,CHEBI:83421
P36873,CHEBI:29035
P36873,CHEBI:29999
P36873,CHEBI:30013
P36873,CHEBI:61977
P36873,CHEBI:15377
P36959,CHEBI:15378
P36959,CHEBI:58115
P36959,CHEBI:28938
P36959,CHEBI:58349
P36959,CHEBI:58053
P36959,CHEBI:57783
P37173,CHEBI:18420
P37173,CHEBI:29035
P37173,CHEBI:83421
P37173,CHEBI:15378
P37173,CHEBI:29999
P37173,CHEBI:30013
P37173,CHEBI:61977
P37173,CHEBI:456216
P37173,CHEBI:30616
P38606,CHEBI:43474
P38606,CHEBI:15378
P38606,CHEBI:456216
P38606,CHEBI:30616
P38606,CHEBI:15377
P38935,CHEBI:43474
P38935,CHEBI:15378
P38935,CHEBI:456216
P38935,CHEBI:30616
P38935,CHEBI:15377
P40925,CHEBI:57540
P40925,CHEBI:15378
P40925,CHEBI:16452
P40925,CHEBI:16810
P40925,CHEBI:36242
P40925,CHEBI:10980
P40925,CHEBI:57945
P40925,CHEBI:15589
P40925,CHEBI:16782
P40926,CHEBI:57540
P40926,CHEBI:15378
P40926,CHEBI:16452
P40926,CHEBI:57945
P40926,CHEBI:15589
P41252,CHEBI:78528
P41252,CHEBI:33019
P41252,CHEBI:58045
P41252,CHEBI:30616
P41252,CHEBI:456215
P41252,CHEBI:78442
P42262,CHEBI:29101
P42262,CHEBI:29108
P42263,CHEBI:29108
P42336,CHEBI:58088
P42336,CHEBI:83419
P42336,CHEBI:83421
P42336,CHEBI:83243
P42336,CHEBI:15378
P42336,CHEBI:29999
P42336,CHEBI:456216
P42336,CHEBI:58456
P42336,CHEBI:77137
P42336,CHEBI:30616
P42336,CHEBI:57836
P42336,CHEBI:83416
P42336,CHEBI:57880
P42338,CHEBI:83421
P42338,CHEBI:83243
P42338,CHEBI:15378
P42338,CHEBI:29999
P42338,CHEBI:456216
P42338,CHEBI:58456
P42338,CHEBI:77137
P42338,CHEBI:30616
P42338,CHEBI:57836
P42892,CHEBI:29105
P43004,CHEBI:29103
P43004,CHEBI:15378
P43004,CHEBI:29101
P43004,CHEBI:29990
P43004,CHEBI:29985
P43004,CHEBI:29991
P43405,CHEBI:46858
P43405,CHEBI:15378
P43405,CHEBI:456216
P43405,CHEBI:61978
P43405,CHEBI:30616
P45984,CHEBI:83421
P45984,CHEBI:18420
P45984,CHEBI:15378
P45984,CHEBI:29999
P45984,CHEBI:30013
P45984,CHEBI:61977
P45984,CHEBI:456216
P45984,CHEBI:30616
P46459,CHEBI:43474
P46459,CHEBI:18420
P46459,CHEBI:15378
P46459,CHEBI:456216
P46459,CHEBI:30616
P46459,CHEBI:15377
P46721,CHEBI:58448
P46721,CHEBI:36252
P46721,CHEBI:36261
P46721,CHEBI:60050
P46721,CHEBI:190692
P46721,CHEBI:82982
P46721,CHEBI:29746
P46721,CHEBI:57905
P46721,CHEBI:36257
P46721,CHEBI:9407
P46721,CHEBI:82961
P46721,CHEBI:57261
P46721,CHEBI:132028
P46721,CHEBI:606564
P46721,CHEBI:132030
P47869,CHEBI:17996
P47870,CHEBI:17996
P47985,CHEBI:190135
P47985,CHEBI:15378
P47985,CHEBI:29034
P47985,CHEBI:24646
P47985,CHEBI:29033
P47985,CHEBI:132124
P48169,CHEBI:17996
P48549,CHEBI:29103
P48730,CHEBI:83421
P48730,CHEBI:15378
P48730,CHEBI:29999
P48730,CHEBI:30013
P48730,CHEBI:61977
P48730,CHEBI:456216
P48730,CHEBI:30616
P48735,CHEBI:18420
P48735,CHEBI:29035
P48735,CHEBI:16526
P48735,CHEBI:58349
P48735,CHEBI:16810
P48735,CHEBI:15562
P48735,CHEBI:57783
P49411,CHEBI:43474
P49411,CHEBI:37565
P49411,CHEBI:58189
P49411,CHEBI:15378
P49411,CHEBI:15377
P49753,CHEBI:32360
P49753,CHEBI:61540
P49753,CHEBI:77537
P49753,CHEBI:57287
P49753,CHEBI:30825
P49753,CHEBI:57383
P49753,CHEBI:32372
P49753,CHEBI:27689
P49753,CHEBI:57394
P49753,CHEBI:57379
P49753,CHEBI:57375
P49753,CHEBI:15377
P49753,CHEBI:61430
P49753,CHEBI:25629
P49753,CHEBI:30245
P49753,CHEBI:30823
P49753,CHEBI:7896
P49753,CHEBI:57385
P49753,CHEBI:57387
P49753,CHEBI:15378
P49753,CHEBI:30807
P49753,CHEBI:57380
P49753,CHEBI:18262
P49821,CHEBI:17976
P49821,CHEBI:57540
P49821,CHEBI:15378
P49821,CHEBI:49883
P49821,CHEBI:58210
P49821,CHEBI:16389
P49821,CHEBI:57945
P49840,CHEBI:83421
P49840,CHEBI:15378
P49840,CHEBI:29999
P49840,CHEBI:30013
P49840,CHEBI:61977
P49840,CHEBI:456216
P49840,CHEBI:30616
P49841,CHEBI:83421
P49841,CHEBI:15378
P49841,CHEBI:29999
P49841,CHEBI:30013
P49841,CHEBI:61977
P49841,CHEBI:456216
P49841,CHEBI:30616
P50570,CHEBI:43474
P50570,CHEBI:37565
P50570,CHEBI:58189
P50570,CHEBI:15378
P50570,CHEBI:15377
P51003,CHEBI:140395
P51003,CHEBI:18420
P51003,CHEBI:29035
P51003,CHEBI:173115
P51003,CHEBI:33019
P51003,CHEBI:30616
P51178,CHEBI:29108
P51178,CHEBI:203600
P51178,CHEBI:15378
P51178,CHEBI:58433
P51178,CHEBI:58456
P51178,CHEBI:17815
P51178,CHEBI:15377
P51178,CHEBI:57880
P51398,CHEBI:43474
P51398,CHEBI:37565
P51398,CHEBI:58189
P51398,CHEBI:15378
P51398,CHEBI:15377
P51606,CHEBI:16062
P51606,CHEBI:17274
P51857,CHEBI:17347
P51857,CHEBI:34584
P51857,CHEBI:17899
P51857,CHEBI:16175
P51857,CHEBI:86377
P51857,CHEBI:16422
P51857,CHEBI:16985
P51857,CHEBI:86389
P51857,CHEBI:30154
P51857,CHEBI:42534
P51857,CHEBI:16827
P51857,CHEBI:2288
P51857,CHEBI:87333
P51857,CHEBI:86381
P51857,CHEBI:86384
P51857,CHEBI:18093
P51857,CHEBI:16973
P51857,CHEBI:17026
P51857,CHEBI:34133
P51857,CHEBI:2290
P51857,CHEBI:2495
P51857,CHEBI:7466
P51857,CHEBI:87331
P51857,CHEBI:16962
P51857,CHEBI:27584
P51857,CHEBI:57783
P51857,CHEBI:15378
P51857,CHEBI:732
P51857,CHEBI:16074
P51857,CHEBI:58349
P51857,CHEBI:28477
P51857,CHEBI:17650
P51857,CHEBI:2150
P52888,CHEBI:29105
P53041,CHEBI:43474
P53041,CHEBI:18420
P53041,CHEBI:29035
P53041,CHEBI:83421
P53041,CHEBI:29999
P53041,CHEBI:30013
P53041,CHEBI:61977
P53041,CHEBI:15377
P53355,CHEBI:83421
P53355,CHEBI:18420
P53355,CHEBI:15378
P53355,CHEBI:29999
P53355,CHEBI:30013
P53355,CHEBI:61977
P53355,CHEBI:456216
P53355,CHEBI:30616
P53794,CHEBI:17268
P53794,CHEBI:29101
P53794,CHEBI:10642
P54577,CHEBI:78536
P54577,CHEBI:15378
P54577,CHEBI:33019
P54577,CHEBI:58315
P54577,CHEBI:30616
P54577,CHEBI:456215
P54577,CHEBI:78442
P54750,CHEBI:58464
P54750,CHEBI:18420
P54750,CHEBI:58165
P54750,CHEBI:15378
P54750,CHEBI:58115
P54750,CHEBI:57867
P54750,CHEBI:29105
P54750,CHEBI:456215
P54750,CHEBI:57746
P54750,CHEBI:15377
P54756,CHEBI:46858
P54756,CHEBI:15378
P54756,CHEBI:456216
P54756,CHEBI:61978
P54756,CHEBI:30616
P55072,CHEBI:43474
P55072,CHEBI:15378
P55072,CHEBI:456216
P55072,CHEBI:30616
P55072,CHEBI:15377
P55786,CHEBI:29105
P61026,CHEBI:43474
P61026,CHEBI:37565
P61026,CHEBI:18420
P61026,CHEBI:58189
P61026,CHEBI:15378
P61026,CHEBI:15377
P78330,CHEBI:43474
P78330,CHEBI:33384
P78330,CHEBI:18420
P78330,CHEBI:58680
P78330,CHEBI:57524
P78330,CHEBI:35247
P78330,CHEBI:15377
P78537,CHEBI:15378
P78537,CHEBI:57288
P78537,CHEBI:61930
P78537,CHEBI:29969
P78537,CHEBI:57287
Q00535,CHEBI:83421
Q00535,CHEBI:15378
Q00535,CHEBI:29999
Q00535,CHEBI:30013
Q00535,CHEBI:61977
Q00535,CHEBI:456216
Q00535,CHEBI:30616
Q01118,CHEBI:29101
Q01813,CHEBI:32966
Q01813,CHEBI:18420
Q01813,CHEBI:15378
Q01813,CHEBI:456216
Q01813,CHEBI:30616
Q01813,CHEBI:57634
Q01814,CHEBI:43474
Q01814,CHEBI:29108
Q01814,CHEBI:15378
Q01814,CHEBI:456216
Q01814,CHEBI:30616
Q01814,CHEBI:15377
Q02108,CHEBI:37565
Q02108,CHEBI:18420
Q02108,CHEBI:29035
Q02108,CHEBI:33019
Q02108,CHEBI:57746
Q02153,CHEBI:33019
Q02153,CHEBI:57746
Q02153,CHEBI:30413
Q02153,CHEBI:37565
Q02318,CHEBI:86113
Q02318,CHEBI:33737
Q02318,CHEBI:86098
Q02318,CHEBI:87678
Q02318,CHEBI:30413
Q02318,CHEBI:86570
Q02318,CHEBI:86096
Q02318,CHEBI:16113
Q02318,CHEBI:58734
Q02318,CHEBI:137688
Q02318,CHEBI:86115
Q02318,CHEBI:86116
Q02318,CHEBI:15377
Q02318,CHEBI:85778
Q02318,CHEBI:28940
Q02318,CHEBI:48940
Q02318,CHEBI:87677
Q02318,CHEBI:33738
Q02318,CHEBI:76591
Q02318,CHEBI:15379
Q02318,CHEBI:16496
Q02318,CHEBI:64294
Q02318,CHEBI:15378
Q02318,CHEBI:87653
Q02318,CHEBI:48939
Q02318,CHEBI:17933
Q02978,CHEBI:30031
Q02978,CHEBI:15792
Q02978,CHEBI:30780
Q02978,CHEBI:16452
Q02978,CHEBI:16810
Q02978,CHEBI:15589
Q04609,CHEBI:29105
Q05193,CHEBI:43474
Q05193,CHEBI:37565
Q05193,CHEBI:58189
Q05193,CHEBI:15378
Q05193,CHEBI:15377
Q06187,CHEBI:46858
Q06187,CHEBI:15378
Q06187,CHEBI:456216
Q06187,CHEBI:29105
Q06187,CHEBI:61978
Q06187,CHEBI:30616
Q06520,CHEBI:234532
Q06520,CHEBI:29744
Q06520,CHEBI:36234
Q06520,CHEBI:57905
Q06520,CHEBI:166912
Q06520,CHEBI:136566
Q06520,CHEBI:83414
Q06520,CHEBI:60008
Q06520,CHEBI:132030
Q06520,CHEBI:78604
Q06520,CHEBI:133003
Q06520,CHEBI:195625
Q06520,CHEBI:82982
Q06520,CHEBI:16581
Q06520,CHEBI:58301
Q06520,CHEBI:133000
Q06520,CHEBI:16032
Q06520,CHEBI:136568
Q06520,CHEBI:234529
Q06520,CHEBI:58339
Q06520,CHEBI:195622
Q06520,CHEBI:133940
Q06520,CHEBI:234531
Q06520,CHEBI:9407
Q06520,CHEBI:28689
Q06520,CHEBI:132028
Q06520,CHEBI:34310
Q06520,CHEBI:195624
Q06520,CHEBI:36252
Q06520,CHEBI:17179
Q06520,CHEBI:136567
Q06520,CHEBI:15378
Q06520,CHEBI:234530
Q06520,CHEBI:60007
Q06520,CHEBI:36261
Q06520,CHEBI:23614
Q06520,CHEBI:30879
Q06520,CHEBI:58343
Q06520,CHEBI:234533
Q06830,CHEBI:35924
Q06830,CHEBI:29950
Q06830,CHEBI:30879
Q06830,CHEBI:50058
Q06830,CHEBI:15377
Q07002,CHEBI:83421
Q07002,CHEBI:15378
Q07002,CHEBI:29999
Q07002,CHEBI:30013
Q07002,CHEBI:61977
Q07002,CHEBI:456216
Q07002,CHEBI:30616
Q08209,CHEBI:43474
Q08209,CHEBI:83421
Q08209,CHEBI:29034
Q08209,CHEBI:29999
Q08209,CHEBI:30013
Q08209,CHEBI:61977
Q08209,CHEBI:29105
Q08209,CHEBI:15377
Q10471,CHEBI:67138
Q10471,CHEBI:29035
Q10471,CHEBI:15378
Q10471,CHEBI:53604
Q10471,CHEBI:29999
Q10471,CHEBI:58223
Q10471,CHEBI:30013
Q10471,CHEBI:87075
Q12879,CHEBI:29101
Q12879,CHEBI:29108
Q12879,CHEBI:29103
Q12882,CHEBI:17568
Q12882,CHEBI:15378
Q12882,CHEBI:17821
Q12882,CHEBI:57692
Q12882,CHEBI:49883
Q12882,CHEBI:58349
Q12882,CHEBI:58210
Q12882,CHEBI:15901
Q12882,CHEBI:27468
Q12882,CHEBI:57783
Q13153,CHEBI:83421
Q13153,CHEBI:18420
Q13153,CHEBI:15378
Q13153,CHEBI:29999
Q13153,CHEBI:30013
Q13153,CHEBI:61977
Q13153,CHEBI:456216
Q13153,CHEBI:30616
Q13224,CHEBI:29101
Q13224,CHEBI:29108
Q13224,CHEBI:29103
Q13228,CHEBI:29919
Q13228,CHEBI:15378
Q13228,CHEBI:16007
Q13228,CHEBI:16240
Q13228,CHEBI:16842
Q13228,CHEBI:15377
Q13228,CHEBI:15379
Q13423,CHEBI:57540
Q13423,CHEBI:15378
Q13423,CHEBI:58349
Q13423,CHEBI:57945
Q13423,CHEBI:57783
Q13443,CHEBI:29105
Q13451,CHEBI:83833
Q13451,CHEBI:83834
Q13507,CHEBI:29108
Q13509,CHEBI:18420
Q13510,CHEBI:77996
Q13510,CHEBI:228802
Q13510,CHEBI:28868
Q13510,CHEBI:18313
Q13510,CHEBI:88154
Q13510,CHEBI:57603
Q13510,CHEBI:72957
Q13510,CHEBI:85261
Q13510,CHEBI:45815
Q13510,CHEBI:52639
Q13510,CHEBI:228803
Q13510,CHEBI:30089
Q13510,CHEBI:72961
Q13510,CHEBI:46979
Q13510,CHEBI:25646
Q13510,CHEBI:15377
Q13510,CHEBI:25629
Q13510,CHEBI:72956
Q13510,CHEBI:83992
Q13510,CHEBI:30823
Q13510,CHEBI:78001
Q13510,CHEBI:22801
Q13510,CHEBI:7896
Q13510,CHEBI:57756
Q13510,CHEBI:17120
Q13510,CHEBI:30807
Q13510,CHEBI:85263
Q13510,CHEBI:18262
Q13510,CHEBI:63867
Q13510,CHEBI:57817
Q13510,CHEBI:72959
Q13510,CHEBI:64124
Q13547,CHEBI:35899
Q13547,CHEBI:16651
Q13547,CHEBI:30089
Q13547,CHEBI:61930
Q13547,CHEBI:29105
Q13547,CHEBI:29969
Q13547,CHEBI:231527
Q13547,CHEBI:137954
Q13547,CHEBI:15377
Q13572,CHEBI:18420
Q13572,CHEBI:15378
Q13572,CHEBI:57733
Q13572,CHEBI:58414
Q13572,CHEBI:189099
Q13572,CHEBI:456216
Q13572,CHEBI:30616
Q13572,CHEBI:57539
Q13572,CHEBI:57660
Q13572,CHEBI:57895
Q14117,CHEBI:15378
Q14117,CHEBI:29105
Q14117,CHEBI:15901
Q14117,CHEBI:11892
Q14117,CHEBI:15377
Q14183,CHEBI:29108
Q14197,CHEBI:138191
Q14197,CHEBI:15378
Q14197,CHEBI:59874
Q14197,CHEBI:15377
Q14197,CHEBI:78442
Q14289,CHEBI:46858
Q14289,CHEBI:15378
Q14289,CHEBI:456216
Q14289,CHEBI:61978
Q14289,CHEBI:30616
Q14571,CHEBI:29108
Q14643,CHEBI:29108
Q14693,CHEBI:29035
Q14693,CHEBI:77127
Q14693,CHEBI:75468
Q14693,CHEBI:82928
Q14693,CHEBI:77091
Q14693,CHEBI:75728
Q14693,CHEBI:82927
Q14693,CHEBI:82929
Q14693,CHEBI:58608
Q14693,CHEBI:82949
Q14693,CHEBI:72860
Q14693,CHEBI:77098
Q14693,CHEBI:82925
Q14693,CHEBI:82924
Q14693,CHEBI:43474
Q14693,CHEBI:74560
Q14693,CHEBI:77130
Q14693,CHEBI:15377
Q14693,CHEBI:77128
Q14693,CHEBI:72859
Q14693,CHEBI:75466
Q14693,CHEBI:18420
Q14693,CHEBI:77096
Q14693,CHEBI:77129
Q14693,CHEBI:17815
Q14693,CHEBI:64839
Q14693,CHEBI:74546
Q14693,CHEBI:52333
Q14693,CHEBI:77097
Q14693,CHEBI:82921
Q14693,CHEBI:72864
Q14693,CHEBI:77125
Q14693,CHEBI:41847
Q14693,CHEBI:77126
Q15102,CHEBI:77580
Q15102,CHEBI:78385
Q15102,CHEBI:15378
Q15102,CHEBI:30089
Q15102,CHEBI:36707
Q15102,CHEBI:64496
Q15102,CHEBI:44811
Q15102,CHEBI:30909
Q15102,CHEBI:15377
Q15256,CHEBI:46858
Q15256,CHEBI:43474
Q15256,CHEBI:61978
Q15256,CHEBI:15377
Q15274,CHEBI:57502
Q15274,CHEBI:58017
Q15274,CHEBI:16526
Q15274,CHEBI:15378
Q15274,CHEBI:33019
Q15274,CHEBI:29959
Q15303,CHEBI:46858
Q15303,CHEBI:15378
Q15303,CHEBI:456216
Q15303,CHEBI:61978
Q15303,CHEBI:30616
Q15349,CHEBI:83421
Q15349,CHEBI:18420
Q15349,CHEBI:15378
Q15349,CHEBI:29999
Q15349,CHEBI:30013
Q15349,CHEBI:61977
Q15349,CHEBI:456216
Q15349,CHEBI:30616
Q15392,CHEBI:16521
Q15392,CHEBI:16113
Q15392,CHEBI:28113
Q15392,CHEBI:15378
Q15392,CHEBI:57692
Q15392,CHEBI:58349
Q15392,CHEBI:17737
Q15392,CHEBI:16608
Q15392,CHEBI:18252
Q15392,CHEBI:57783
Q15758,CHEBI:33384
Q15758,CHEBI:58359
Q15758,CHEBI:58048
Q15758,CHEBI:57926
Q15758,CHEBI:57972
Q15758,CHEBI:15378
Q15758,CHEBI:16382
Q15758,CHEBI:57844
Q15758,CHEBI:17632
Q15758,CHEBI:35247
Q15758,CHEBI:18022
Q15758,CHEBI:29101
Q15758,CHEBI:29985
Q15758,CHEBI:57762
Q15858,CHEBI:29101
Q16620,CHEBI:46858
Q16620,CHEBI:15378
Q16620,CHEBI:456216
Q16620,CHEBI:61978
Q16620,CHEBI:30616
Q16769,CHEBI:87215
Q16769,CHEBI:64722
Q16769,CHEBI:28938
Q16795,CHEBI:57692
Q16832,CHEBI:46858
Q16832,CHEBI:15378
Q16832,CHEBI:456216
Q16832,CHEBI:61978
Q16832,CHEBI:30616
Q16880,CHEBI:83246
Q16880,CHEBI:15378
Q16880,CHEBI:52639
Q16880,CHEBI:58223
Q16880,CHEBI:83273
Q16880,CHEBI:18390
Q16880,CHEBI:36498
Q16880,CHEBI:83248
Q16880,CHEBI:83244
Q16880,CHEBI:83257
Q16880,CHEBI:66914
Q3LXA3,CHEBI:76202
Q3LXA3,CHEBI:57642
Q3LXA3,CHEBI:18420
Q3LXA3,CHEBI:29035
Q3LXA3,CHEBI:15378
Q3LXA3,CHEBI:57692
Q3LXA3,CHEBI:456216
Q3LXA3,CHEBI:16016
Q3LXA3,CHEBI:48828
Q3LXA3,CHEBI:30616
Q3LXA3,CHEBI:456215
Q3LXA3,CHEBI:59776
Q3LXA3,CHEBI:17378
Q4KMQ2,CHEBI:18390
Q4KMQ2,CHEBI:57643
Q4KMQ2,CHEBI:57262
Q5S007,CHEBI:43474
Q5S007,CHEBI:37565
Q5S007,CHEBI:18420
Q5S007,CHEBI:83421
Q5S007,CHEBI:58189
Q5S007,CHEBI:15378
Q5S007,CHEBI:29999
Q5S007,CHEBI:30013
Q5S007,CHEBI:61977
Q5S007,CHEBI:456216
Q5S007,CHEBI:30616
Q5S007,CHEBI:15377
Q5SRE7,CHEBI:24875
Q5VZY2,CHEBI:75757
Q5VZY2,CHEBI:43474
Q5VZY2,CHEBI:78229
Q5VZY2,CHEBI:15378
Q5VZY2,CHEBI:59996
Q5VZY2,CHEBI:76979
Q5VZY2,CHEBI:58608
Q5VZY2,CHEBI:82765
Q5VZY2,CHEBI:17815
Q5VZY2,CHEBI:74544
Q5VZY2,CHEBI:15377
Q6DD88,CHEBI:43474
Q6DD88,CHEBI:37565
Q6DD88,CHEBI:58189
Q6DD88,CHEBI:15378
Q6DD88,CHEBI:15377
Q6GTS8,CHEBI:149699
Q6GTS8,CHEBI:33384
Q6GTS8,CHEBI:58048
Q6GTS8,CHEBI:58359
Q6GTS8,CHEBI:32395
Q6GTS8,CHEBI:32551
Q6GTS8,CHEBI:134020
Q6GTS8,CHEBI:29067
Q6GTS8,CHEBI:134022
Q6GTS8,CHEBI:134031
Q6GTS8,CHEBI:149731
Q6GTS8,CHEBI:149734
Q6GTS8,CHEBI:149730
Q6GTS8,CHEBI:134035
Q6GTS8,CHEBI:133992
Q6GTS8,CHEBI:57844
Q6GTS8,CHEBI:134033
Q6GTS8,CHEBI:138093
Q6GTS8,CHEBI:149700
Q6GTS8,CHEBI:149732
Q6GTS8,CHEBI:58315
Q6GTS8,CHEBI:149701
Q6GTS8,CHEBI:15377
Q6GTS8,CHEBI:84824
Q6GTS8,CHEBI:149697
Q6GTS8,CHEBI:25629
Q6GTS8,CHEBI:59002
Q6GTS8,CHEBI:30823
Q6GTS8,CHEBI:77016
Q6GTS8,CHEBI:149733
Q6GTS8,CHEBI:59869
Q6GTS8,CHEBI:7896
Q6GTS8,CHEBI:57912
Q6GTS8,CHEBI:59874
Q6GTS8,CHEBI:29105
Q6GTS8,CHEBI:57305
Q6GTS8,CHEBI:57427
Q6GTS8,CHEBI:58095
Q6ICB0,CHEBI:7896
Q6ICB0,CHEBI:29950
Q6ICB0,CHEBI:15378
Q6ICB0,CHEBI:74151
Q6ICB0,CHEBI:15377
Q6IQ55,CHEBI:83421
Q6IQ55,CHEBI:15378
Q6IQ55,CHEBI:29999
Q6IQ55,CHEBI:30013
Q6IQ55,CHEBI:61977
Q6IQ55,CHEBI:456216
Q6IQ55,CHEBI:30616
Q6NYC1,CHEBI:30031
Q6NYC1,CHEBI:16526
Q6NYC1,CHEBI:15378
Q6NYC1,CHEBI:141843
Q6NYC1,CHEBI:88221
Q6NYC1,CHEBI:16810
Q6NYC1,CHEBI:29965
Q6NYC1,CHEBI:29969
Q6NYC1,CHEBI:29033
Q6NYC1,CHEBI:142789
Q6NYC1,CHEBI:16842
Q6NYC1,CHEBI:65280
Q6NYC1,CHEBI:138278
Q6NYC1,CHEBI:15379
Q6P1A2,CHEBI:28610
Q6P1A2,CHEBI:64379
Q6P1A2,CHEBI:74667
Q6P1A2,CHEBI:61540
Q6P1A2,CHEBI:72999
Q6P1A2,CHEBI:75062
Q6P1A2,CHEBI:75067
Q6P1A2,CHEBI:57287
Q6P1A2,CHEBI:75026
Q6P1A2,CHEBI:75069
Q6P1A2,CHEBI:57383
Q6P1A2,CHEBI:64381
Q6P1A2,CHEBI:149769
Q6P1A2,CHEBI:77288
Q6P1A2,CHEBI:57262
Q6P1A2,CHEBI:149770
Q6P1A2,CHEBI:77295
Q6P1A2,CHEBI:75066
Q6P1A2,CHEBI:75020
Q6P1A2,CHEBI:75031
Q6P1A2,CHEBI:73858
Q6P1A2,CHEBI:57394
Q6P1A2,CHEBI:75063
Q6P1A2,CHEBI:73001
Q6P1A2,CHEBI:74965
Q6P1A2,CHEBI:57379
Q6P1A2,CHEBI:57375
Q6P1A2,CHEBI:74977
Q6P1A2,CHEBI:64612
Q6P1A2,CHEBI:74967
Q6P1A2,CHEBI:149768
Q6P1A2,CHEBI:75018
Q6P1A2,CHEBI:74966
Q6P1A2,CHEBI:60000
Q6P1A2,CHEBI:58342
Q6P1A2,CHEBI:57643
Q6P1A2,CHEBI:57368
Q6P1A2,CHEBI:74970
Q6P1A2,CHEBI:74905
Q6P1A2,CHEBI:74671
Q6P1A2,CHEBI:73009
Q6P1A2,CHEBI:73002
Q6P1A2,CHEBI:75029
Q6P1A2,CHEBI:74617
Q6P1A2,CHEBI:75017
Q6P1A2,CHEBI:74000
Q6P1A2,CHEBI:73000
Q6P1A2,CHEBI:74670
Q6P1A2,CHEBI:73004
Q6P1A2,CHEBI:74968
Q6P1A2,CHEBI:57387
Q6P1A2,CHEBI:74975
Q6P1A2,CHEBI:74892
Q6P1A2,CHEBI:58168
Q6P1A2,CHEBI:74669
Q6P1A2,CHEBI:74971
Q6P1A2,CHEBI:73003
Q6P1A2,CHEBI:75032
Q6P1A2,CHEBI:72998
Q6P1A2,CHEBI:75065
Q6P1A2,CHEBI:74897
Q6P1A2,CHEBI:64489
Q6PCE3,CHEBI:57604
Q6PCE3,CHEBI:58601
Q6PCE3,CHEBI:15378
Q6PCE3,CHEBI:58392
Q6PCE3,CHEBI:68688
Q6PCE3,CHEBI:58409
Q6PCE3,CHEBI:57259
Q6PCE3,CHEBI:190126
Q6PCE3,CHEBI:58272
Q6PCE3,CHEBI:190127
Q6PCE3,CHEBI:57720
Q6PCE3,CHEBI:58225
Q6U841,CHEBI:29101
Q6U841,CHEBI:17544
Q6U841,CHEBI:17996
Q6UWP2,CHEBI:36836
Q6UWP2,CHEBI:16469
Q6UWP2,CHEBI:34133
Q6UWP2,CHEBI:15378
Q6UWP2,CHEBI:234449
Q6UWP2,CHEBI:2495
Q6UWP2,CHEBI:58349
Q6UWP2,CHEBI:34463
Q6UWP2,CHEBI:17263
Q6UWP2,CHEBI:234448
Q6UWP2,CHEBI:47788
Q6UWP2,CHEBI:34134
Q6UWP2,CHEBI:19168
Q6UWP2,CHEBI:35343
Q6UWP2,CHEBI:57783
Q6ZMG9,CHEBI:67042
Q6ZMG9,CHEBI:57385
Q6ZMG9,CHEBI:57756
Q6ZMG9,CHEBI:67045
Q6ZMG9,CHEBI:57394
Q6ZMG9,CHEBI:15378
Q6ZMG9,CHEBI:57379
Q6ZMG9,CHEBI:67033
Q6ZMG9,CHEBI:71009
Q6ZMG9,CHEBI:144703
Q6ZMG9,CHEBI:57817
Q6ZMG9,CHEBI:72959
Q6ZMG9,CHEBI:84410
Q6ZMG9,CHEBI:57287
Q6ZMG9,CHEBI:82810
Q70JA7,CHEBI:138444
Q70JA7,CHEBI:138442
Q70JA7,CHEBI:67138
Q70JA7,CHEBI:29035
Q70JA7,CHEBI:15378
Q70JA7,CHEBI:58223
Q70JA7,CHEBI:138445
Q70JA7,CHEBI:58052
Q70JA7,CHEBI:48828
Q70JA7,CHEBI:138443
Q70JA7,CHEBI:48775
Q70JA7,CHEBI:132105
Q7KZI7,CHEBI:83421
Q7KZI7,CHEBI:18420
Q7KZI7,CHEBI:15378
Q7KZI7,CHEBI:29999
Q7KZI7,CHEBI:30013
Q7KZI7,CHEBI:61977
Q7KZI7,CHEBI:456216
Q7KZI7,CHEBI:30616
Q7L1W4,CHEBI:17996
Q7L1W4,CHEBI:16382
Q7L1W4,CHEBI:507393
Q7L5A8,CHEBI:7896
Q7L5A8,CHEBI:76722
Q7L5A8,CHEBI:25629
Q7L5A8,CHEBI:15378
Q7L5A8,CHEBI:29034
Q7L5A8,CHEBI:31014
Q7L5A8,CHEBI:29105
Q7L5A8,CHEBI:76177
Q7L5A8,CHEBI:23858
Q7L5A8,CHEBI:29033
Q7L5A8,CHEBI:57562
Q7L5A8,CHEBI:75927
Q7L5A8,CHEBI:75935
Q7L5A8,CHEBI:15377
Q7L5A8,CHEBI:15379
Q7L5A8,CHEBI:83955
Q7L5Y1,CHEBI:37448
Q7L5Y1,CHEBI:15377
Q7L5Y1,CHEBI:18420
Q7L5Y1,CHEBI:21291
Q7LBC6,CHEBI:30031
Q7LBC6,CHEBI:16526
Q7LBC6,CHEBI:61976
Q7LBC6,CHEBI:16810
Q7LBC6,CHEBI:29033
Q7LBC6,CHEBI:29969
Q7LBC6,CHEBI:16842
Q7LBC6,CHEBI:15379
Q7LG56,CHEBI:29950
Q7LG56,CHEBI:73316
Q7LG56,CHEBI:50058
Q7LG56,CHEBI:57930
Q7LG56,CHEBI:15377
Q7LG56,CHEBI:24875
Q7RTY1,CHEBI:16347
Q7RTY1,CHEBI:57947
Q7Z4N2,CHEBI:29108
Q7Z4N2,CHEBI:49786
Q7Z4N2,CHEBI:18420
Q7Z4N2,CHEBI:29035
Q86TX2,CHEBI:32360
Q86TX2,CHEBI:61540
Q86TX2,CHEBI:77537
Q86TX2,CHEBI:57287
Q86TX2,CHEBI:30825
Q86TX2,CHEBI:32372
Q86TX2,CHEBI:27689
Q86TX2,CHEBI:57394
Q86TX2,CHEBI:57379
Q86TX2,CHEBI:57375
Q86TX2,CHEBI:15377
Q86TX2,CHEBI:61430
Q86TX2,CHEBI:25629
Q86TX2,CHEBI:30823
Q86TX2,CHEBI:7896
Q86TX2,CHEBI:57385
Q86TX2,CHEBI:57387
Q86TX2,CHEBI:15378
Q86TX2,CHEBI:30807
Q86TX2,CHEBI:57380
Q86TX2,CHEBI:18262
Q86XJ0,CHEBI:29108
Q86XJ0,CHEBI:17996
Q86XJ0,CHEBI:30616
Q86XJ0,CHEBI:29101
Q86XJ0,CHEBI:29103
Q8IU99,CHEBI:49547
Q8IU99,CHEBI:29108
Q8IU99,CHEBI:18420
Q8IU99,CHEBI:17996
Q8IU99,CHEBI:30616
Q8IU99,CHEBI:29101
Q8IU99,CHEBI:49847
Q8IU99,CHEBI:29103
Q8IU99,CHEBI:49713
Q8IV08,CHEBI:138284
Q8IV08,CHEBI:136412
Q8IV08,CHEBI:231870
Q8IV08,CHEBI:43474
Q8IV08,CHEBI:60837
Q8IV08,CHEBI:17754
Q8IV08,CHEBI:231871
Q8IV08,CHEBI:75757
Q8IV08,CHEBI:15377
Q8IV08,CHEBI:139150
Q8IV08,CHEBI:131705
Q8IV08,CHEBI:232394
Q8IV08,CHEBI:64683
Q8IV08,CHEBI:13197
Q8IV08,CHEBI:15378
Q8IV08,CHEBI:136416
Q8IV08,CHEBI:231873
Q8IV08,CHEBI:77717
Q8IV08,CHEBI:232393
Q8IXQ6,CHEBI:83148
Q8IXQ6,CHEBI:142558
Q8IXQ6,CHEBI:17154
Q8IXQ6,CHEBI:57540
Q8IZT8,CHEBI:58339
Q8IZT8,CHEBI:15378
Q8IZT8,CHEBI:58388
Q8IZT8,CHEBI:70975
Q8IZT8,CHEBI:58343
Q8IZY2,CHEBI:43474
Q8IZY2,CHEBI:15378
Q8IZY2,CHEBI:456216
Q8IZY2,CHEBI:30616
Q8IZY2,CHEBI:57643
Q8IZY2,CHEBI:15377
Q8IZY2,CHEBI:57262
Q8N3A8,CHEBI:140607
Q8N3A8,CHEBI:57540
Q8N3A8,CHEBI:29950
Q8N3A8,CHEBI:15378
Q8N3A8,CHEBI:17154
Q8N568,CHEBI:83421
Q8N568,CHEBI:15378
Q8N568,CHEBI:29999
Q8N568,CHEBI:30013
Q8N568,CHEBI:61977
Q8N568,CHEBI:456216
Q8N568,CHEBI:30616
Q8N5Z0,CHEBI:35235
Q8N5Z0,CHEBI:58454
Q8N5Z0,CHEBI:28644
Q8N5Z0,CHEBI:17865
Q8N5Z0,CHEBI:35177
Q8N5Z0,CHEBI:597326
Q8N5Z0,CHEBI:58455
Q8N5Z0,CHEBI:57844
Q8N5Z0,CHEBI:36242
Q8N5Z0,CHEBI:71201
Q8N5Z0,CHEBI:58315
Q8N5Z0,CHEBI:58125
Q8N5Z0,CHEBI:16723
Q8N5Z0,CHEBI:15377
Q8N5Z0,CHEBI:36655
Q8N5Z0,CHEBI:58441
Q8N5Z0,CHEBI:74359
Q8N5Z0,CHEBI:16810
Q8N5Z0,CHEBI:57959
Q8N5Z0,CHEBI:57912
Q8N5Z0,CHEBI:57499
Q8N5Z0,CHEBI:57305
Q8N5Z0,CHEBI:18005
Q8N5Z0,CHEBI:58672
Q8N5Z0,CHEBI:57678
Q8N5Z0,CHEBI:17640
Q8N5Z0,CHEBI:57427
Q8N5Z0,CHEBI:58095
Q8N5Z0,CHEBI:16763
Q8N5Z0,CHEBI:29985
Q8NBK3,CHEBI:29919
Q8NBK3,CHEBI:15378
Q8NBK3,CHEBI:29950
Q8NBK3,CHEBI:29036
Q8NBK3,CHEBI:85621
Q8NBK3,CHEBI:35489
Q8NBK3,CHEBI:29256
Q8NBK3,CHEBI:15377
Q8NBK3,CHEBI:15379
Q8NBP7,CHEBI:29108
Q8NEX9,CHEBI:232325
Q8NEX9,CHEBI:57540
Q8NEX9,CHEBI:15378
Q8NEX9,CHEBI:77891
Q8NEX9,CHEBI:134626
Q8NEX9,CHEBI:77892
Q8NEX9,CHEBI:57945
Q8NFF2,CHEBI:29101
Q8NFF2,CHEBI:29108
Q8NFF2,CHEBI:29103
Q8WWZ7,CHEBI:43474
Q8WWZ7,CHEBI:16113
Q8WWZ7,CHEBI:15378
Q8WWZ7,CHEBI:456216
Q8WWZ7,CHEBI:30616
Q8WWZ7,CHEBI:15377
Q8WXI4,CHEBI:7896
Q8WXI4,CHEBI:57385
Q8WXI4,CHEBI:57371
Q8WXI4,CHEBI:15378
Q8WXI4,CHEBI:57379
Q8WXI4,CHEBI:30807
Q8WXI4,CHEBI:57375
Q8WXI4,CHEBI:18262
Q8WXI4,CHEBI:57287
Q8WXI4,CHEBI:17968
Q8WXI4,CHEBI:15377
Q92499,CHEBI:43474
Q92499,CHEBI:15378
Q92499,CHEBI:456216
Q92499,CHEBI:30616
Q92499,CHEBI:15377
Q92508,CHEBI:29101
Q92508,CHEBI:29108
Q92508,CHEBI:18420
Q92508,CHEBI:29103
Q92526,CHEBI:43474
Q92526,CHEBI:15378
Q92526,CHEBI:456216
Q92526,CHEBI:30616
Q92526,CHEBI:15377
Q92831,CHEBI:57834
Q92831,CHEBI:58535
Q92831,CHEBI:15378
Q92831,CHEBI:57288
Q92831,CHEBI:61930
Q92831,CHEBI:29969
Q92831,CHEBI:57287
Q92835,CHEBI:43474
Q92835,CHEBI:57658
Q92835,CHEBI:58414
Q92835,CHEBI:58456
Q92835,CHEBI:58178
Q92835,CHEBI:57836
Q92835,CHEBI:15377
Q92835,CHEBI:57895
Q92947,CHEBI:57378
Q92947,CHEBI:16526
Q92947,CHEBI:15378
Q92947,CHEBI:57692
Q92947,CHEBI:58307
Q92947,CHEBI:57332
Q96A29,CHEBI:58115
Q96A29,CHEBI:57273
Q96BZ4,CHEBI:138284
Q96BZ4,CHEBI:136412
Q96BZ4,CHEBI:231870
Q96BZ4,CHEBI:43474
Q96BZ4,CHEBI:60837
Q96BZ4,CHEBI:17754
Q96BZ4,CHEBI:231871
Q96BZ4,CHEBI:75757
Q96BZ4,CHEBI:15377
Q96BZ4,CHEBI:139150
Q96BZ4,CHEBI:131705
Q96BZ4,CHEBI:232394
Q96BZ4,CHEBI:64683
Q96BZ4,CHEBI:13197
Q96BZ4,CHEBI:15378
Q96BZ4,CHEBI:136416
Q96BZ4,CHEBI:231873
Q96BZ4,CHEBI:77717
Q96BZ4,CHEBI:232393
Q96C10,CHEBI:43474
Q96C10,CHEBI:15378
Q96C10,CHEBI:456216
Q96C10,CHEBI:30616
Q96C10,CHEBI:15377
Q96DW6,CHEBI:57305
Q96HY7,CHEBI:58937
Q96HY7,CHEBI:57499
Q96HY7,CHEBI:83099
Q96HY7,CHEBI:16526
Q96HY7,CHEBI:15378
Q96HY7,CHEBI:184385
Q96L34,CHEBI:83421
Q96L34,CHEBI:18420
Q96L34,CHEBI:15378
Q96L34,CHEBI:29999
Q96L34,CHEBI:30013
Q96L34,CHEBI:61977
Q96L34,CHEBI:456216
Q96L34,CHEBI:30616
Q96PR1,CHEBI:29103
Q96QD8,CHEBI:33384
Q96QD8,CHEBI:58048
Q96QD8,CHEBI:58359
Q96QD8,CHEBI:57926
Q96QD8,CHEBI:57972
Q96QD8,CHEBI:57844
Q96QD8,CHEBI:57305
Q96QD8,CHEBI:57595
Q96QD8,CHEBI:57427
Q96QD8,CHEBI:58095
Q96QD8,CHEBI:29101
Q96QD8,CHEBI:60039
Q96RR4,CHEBI:83421
Q96RR4,CHEBI:15378
Q96RR4,CHEBI:29999
Q96RR4,CHEBI:30013
Q96RR4,CHEBI:61977
Q96RR4,CHEBI:456216
Q96RR4,CHEBI:30616
Q96T83,CHEBI:29101
Q96T83,CHEBI:29103
Q96T83,CHEBI:15378
Q99250,CHEBI:29101
Q99259,CHEBI:59888
Q99259,CHEBI:16526
Q99259,CHEBI:15378
Q99259,CHEBI:29985
Q99259,CHEBI:597326
Q99489,CHEBI:57692
Q99489,CHEBI:16452
Q99489,CHEBI:28938
Q99489,CHEBI:16810
Q99489,CHEBI:29986
Q99489,CHEBI:16240
Q99489,CHEBI:29990
Q99489,CHEBI:15377
Q99489,CHEBI:15379
Q99714,CHEBI:57540
Q99714,CHEBI:17347
Q99714,CHEBI:90726
Q99714,CHEBI:16330
Q99714,CHEBI:78602
Q99714,CHEBI:36234
Q99714,CHEBI:16422
Q99714,CHEBI:62619
Q99714,CHEBI:36713
Q99714,CHEBI:28952
Q99714,CHEBI:78601
Q99714,CHEBI:78604
Q99714,CHEBI:16469
Q99714,CHEBI:62613
Q99714,CHEBI:78594
Q99714,CHEBI:57945
Q99714,CHEBI:57286
Q99714,CHEBI:17263
Q99714,CHEBI:78605
Q99714,CHEBI:29747
Q99714,CHEBI:78595
Q99714,CHEBI:57312
Q99714,CHEBI:62617
Q99714,CHEBI:57318
Q99714,CHEBI:57335
Q99714,CHEBI:50169
Q99714,CHEBI:16962
Q99714,CHEBI:57316
Q99714,CHEBI:15378
Q99714,CHEBI:78596
Q99714,CHEBI:78603
Q99714,CHEBI:78600
Q99714,CHEBI:15994
Q99714,CHEBI:11893
Q99714,CHEBI:17650
Q99714,CHEBI:57349
Q99726,CHEBI:29105
Q99726,CHEBI:15378
Q99798,CHEBI:16947
Q99798,CHEBI:49883
Q99798,CHEBI:15562
Q9BQB6,CHEBI:29950
Q9BQB6,CHEBI:18067
Q9BQB6,CHEBI:28433
Q9BQB6,CHEBI:15759
Q9BQB6,CHEBI:50058
Q9BQB6,CHEBI:15377
Q9BSA4,CHEBI:17996
Q9BSA4,CHEBI:29985
Q9BUB5,CHEBI:83421
Q9BUB5,CHEBI:18420
Q9BUB5,CHEBI:15378
Q9BUB5,CHEBI:29999
Q9BUB5,CHEBI:30013
Q9BUB5,CHEBI:61977
Q9BUB5,CHEBI:456216
Q9BUB5,CHEBI:30616
Q9BUT1,CHEBI:57540
Q9BUT1,CHEBI:15378
Q9BUT1,CHEBI:10983
Q9BUT1,CHEBI:63727
Q9BUT1,CHEBI:57945
Q9BUT1,CHEBI:13705
Q9BUT1,CHEBI:84813
Q9BWU1,CHEBI:83421
Q9BWU1,CHEBI:15378
Q9BWU1,CHEBI:29999
Q9BWU1,CHEBI:30013
Q9BWU1,CHEBI:61977
Q9BWU1,CHEBI:456216
Q9BWU1,CHEBI:30616
Q9BX95,CHEBI:43474
Q9BX95,CHEBI:57756
Q9BX95,CHEBI:57939
Q9BX95,CHEBI:60119
Q9BX95,CHEBI:57817
Q9BX95,CHEBI:15377
Q9BYX4,CHEBI:43474
Q9BYX4,CHEBI:15378
Q9BYX4,CHEBI:456216
Q9BYX4,CHEBI:30616
Q9BYX4,CHEBI:15377
Q9BZQ4,CHEBI:57502
Q9BZQ4,CHEBI:18420
Q9BZQ4,CHEBI:57540
Q9BZQ4,CHEBI:15378
Q9BZQ4,CHEBI:33019
Q9BZQ4,CHEBI:30616
Q9BZQ4,CHEBI:14649
Q9BZQ4,CHEBI:58437
Q9GZT4,CHEBI:29108
Q9GZT4,CHEBI:33384
Q9GZT4,CHEBI:18420
Q9GZT4,CHEBI:29035
Q9GZT4,CHEBI:15361
Q9GZT4,CHEBI:28938
Q9GZT4,CHEBI:35247
Q9GZT4,CHEBI:597326
Q9H015,CHEBI:15355
Q9H015,CHEBI:134344
Q9H015,CHEBI:17750
Q9H015,CHEBI:16347
Q9H015,CHEBI:29101
Q9H093,CHEBI:83421
Q9H093,CHEBI:18420
Q9H093,CHEBI:15378
Q9H093,CHEBI:29999
Q9H093,CHEBI:30013
Q9H093,CHEBI:61977
Q9H093,CHEBI:456216
Q9H093,CHEBI:30616
Q9H0R5,CHEBI:43474
Q9H0R5,CHEBI:37565
Q9H0R5,CHEBI:58189
Q9H0R5,CHEBI:15378
Q9H0R5,CHEBI:15377
Q9H2S1,CHEBI:29103
Q9H4L5,CHEBI:57643
Q9H4L5,CHEBI:58178
Q9H4Y5,CHEBI:17826
Q9H4Y5,CHEBI:17792
Q9H4Y5,CHEBI:15378
Q9H4Y5,CHEBI:33409
Q9H4Y5,CHEBI:16042
Q9H4Y5,CHEBI:58297
Q9H4Y5,CHEBI:90779
Q9H4Y5,CHEBI:38290
Q9H4Y5,CHEBI:58539
Q9H4Y5,CHEBI:57925
Q9H4Y5,CHEBI:15377
Q9HA72,CHEBI:30616
Q9HA82,CHEBI:82811
Q9HA82,CHEBI:67033
Q9HA82,CHEBI:57287
Q9HA82,CHEBI:65059
Q9HA82,CHEBI:57394
Q9HA82,CHEBI:52639
Q9HA82,CHEBI:64868
Q9HA82,CHEBI:71009
Q9HA82,CHEBI:65052
Q9HA82,CHEBI:72961
Q9HA82,CHEBI:52961
Q9HA82,CHEBI:52962
Q9HA82,CHEBI:67027
Q9HA82,CHEBI:67021
Q9HA82,CHEBI:57756
Q9HA82,CHEBI:15378
Q9HA82,CHEBI:57380
Q9HA82,CHEBI:57817
Q9HA82,CHEBI:77636
Q9HB55,CHEBI:15378
Q9HB55,CHEBI:57618
Q9HB55,CHEBI:30413
Q9HB55,CHEBI:58210
Q9HB55,CHEBI:30879
Q9HB55,CHEBI:142491
Q9HB55,CHEBI:15377
Q9HB55,CHEBI:15379
Q9HC21,CHEBI:37575
Q9HC21,CHEBI:58937
Q9NPF2,CHEBI:57652
Q9NPF2,CHEBI:58422
Q9NPF2,CHEBI:58339
Q9NPF2,CHEBI:15378
Q9NPF2,CHEBI:58343
Q9NPH2,CHEBI:61548
Q9NPH2,CHEBI:58401
Q9NPH2,CHEBI:57540
Q9NQ66,CHEBI:29108
Q9NQ66,CHEBI:203600
Q9NQ66,CHEBI:15378
Q9NQ66,CHEBI:58433
Q9NQ66,CHEBI:58456
Q9NQ66,CHEBI:17815
Q9NQ66,CHEBI:15377
Q9NQ66,CHEBI:57880
Q9NR71,CHEBI:67042
Q9NR71,CHEBI:77996
Q9NR71,CHEBI:67033
Q9NR71,CHEBI:28868
Q9NR71,CHEBI:32392
Q9NR71,CHEBI:72957
Q9NR71,CHEBI:45815
Q9NR71,CHEBI:52639
Q9NR71,CHEBI:72961
Q9NR71,CHEBI:25646
Q9NR71,CHEBI:15377
Q9NR71,CHEBI:25629
Q9NR71,CHEBI:72956
Q9NR71,CHEBI:30823
Q9NR71,CHEBI:7896
Q9NR71,CHEBI:57756
Q9NR71,CHEBI:17120
Q9NR71,CHEBI:30807
Q9NR71,CHEBI:18262
Q9NR71,CHEBI:29105
Q9NR71,CHEBI:63867
Q9NR71,CHEBI:57817
Q9NR71,CHEBI:72959
Q9NR71,CHEBI:74450
Q9NR82,CHEBI:29103
Q9NRA0,CHEBI:18420
Q9NRA0,CHEBI:57756
Q9NRA0,CHEBI:15378
Q9NRA0,CHEBI:57939
Q9NRA0,CHEBI:64795
Q9NRA0,CHEBI:60119
Q9NRA0,CHEBI:456216
Q9NRA0,CHEBI:57817
Q9NRA0,CHEBI:30616
Q9NRA0,CHEBI:84410
Q9NRA0,CHEBI:76941
Q9NRA0,CHEBI:64124
Q9NST1,CHEBI:28868
Q9NST1,CHEBI:74928
Q9NST1,CHEBI:58608
Q9NST1,CHEBI:52323
Q9NST1,CHEBI:57287
Q9NST1,CHEBI:17855
Q9NST1,CHEBI:57383
Q9NST1,CHEBI:74551
Q9NST1,CHEBI:17754
Q9NST1,CHEBI:57379
Q9NST1,CHEBI:53753
Q9NST1,CHEBI:58342
Q9NST1,CHEBI:57643
Q9NST1,CHEBI:15377
Q9NST1,CHEBI:57368
Q9NST1,CHEBI:75735
Q9NST1,CHEBI:30823
Q9NST1,CHEBI:18035
Q9NST1,CHEBI:57970
Q9NST1,CHEBI:74546
Q9NST1,CHEBI:47777
Q9NST1,CHEBI:57387
Q9NST1,CHEBI:58168
Q9NST1,CHEBI:15378
Q9NST1,CHEBI:75342
Q9NST1,CHEBI:35759
Q9NST1,CHEBI:49172
Q9NST1,CHEBI:74544
Q9NST1,CHEBI:74563
Q9NUV7,CHEBI:57385
Q9NUV7,CHEBI:71007
Q9NUV7,CHEBI:33384
Q9NUV7,CHEBI:57394
Q9NUV7,CHEBI:16526
Q9NUV7,CHEBI:15378
Q9NUV7,CHEBI:57379
Q9NUV7,CHEBI:57375
Q9NUV7,CHEBI:71008
Q9NUV7,CHEBI:57287
Q9NUV7,CHEBI:65073
Q9NUV7,CHEBI:597326
Q9NUV7,CHEBI:58299
Q9NXB9,CHEBI:73856
Q9NXB9,CHEBI:73862
Q9NXB9,CHEBI:16526
Q9NXB9,CHEBI:15378
Q9NXB9,CHEBI:73863
Q9NXB9,CHEBI:57384
Q9NXB9,CHEBI:73857
Q9NXB9,CHEBI:73852
Q9NXB9,CHEBI:90736
Q9NXB9,CHEBI:57287
Q9NXB9,CHEBI:73871
Q9NXB9,CHEBI:73870
Q9NXB9,CHEBI:57368
Q9NXB9,CHEBI:90725
Q9NY64,CHEBI:16551
Q9NY64,CHEBI:37721
Q9NY64,CHEBI:4167
Q9NY64,CHEBI:58539
Q9NYA1,CHEBI:18420
Q9NYA1,CHEBI:57756
Q9NYA1,CHEBI:15378
Q9NYA1,CHEBI:29999
Q9NYA1,CHEBI:57939
Q9NYA1,CHEBI:57288
Q9NYA1,CHEBI:456216
Q9NYA1,CHEBI:141128
Q9NYA1,CHEBI:60119
Q9NYA1,CHEBI:57817
Q9NYA1,CHEBI:77787
Q9NYA1,CHEBI:30616
Q9NYA1,CHEBI:84410
Q9NYA1,CHEBI:57287
Q9NYA1,CHEBI:76941
Q9NYA1,CHEBI:77786
Q9NYG8,CHEBI:49547
Q9NYG8,CHEBI:49847
Q9NYG8,CHEBI:29103
Q9NZ45,CHEBI:35235
Q9NZ45,CHEBI:190135
Q9NZ45,CHEBI:16810
Q9NZ45,CHEBI:57678
Q9NZ45,CHEBI:29985
Q9NZ45,CHEBI:597326
Q9P0L2,CHEBI:83421
Q9P0L2,CHEBI:18420
Q9P0L2,CHEBI:15378
Q9P0L2,CHEBI:29999
Q9P0L2,CHEBI:30013
Q9P0L2,CHEBI:61977
Q9P0L2,CHEBI:456216
Q9P0L2,CHEBI:30616
Q9P0L9,CHEBI:29101
Q9P0L9,CHEBI:29108
Q9P0L9,CHEBI:18420
Q9P0L9,CHEBI:29103
Q9UBE8,CHEBI:83421
Q9UBE8,CHEBI:18420
Q9UBE8,CHEBI:15378
Q9UBE8,CHEBI:29999
Q9UBE8,CHEBI:30013
Q9UBE8,CHEBI:61977
Q9UBE8,CHEBI:456216
Q9UBE8,CHEBI:30616
Q9UGI6,CHEBI:29103
Q9UHF3,CHEBI:15378
Q9UHF3,CHEBI:57288
Q9UHF3,CHEBI:61930
Q9UHF3,CHEBI:29969
Q9UHF3,CHEBI:57287
Q9UHI8,CHEBI:29105
Q9UK17,CHEBI:29103
Q9UKF2,CHEBI:29105
Q9UKU6,CHEBI:29105
Q9UKV0,CHEBI:61930
Q9UKV0,CHEBI:15377
Q9UKV0,CHEBI:29969
Q9UKV0,CHEBI:30089
Q9UL25,CHEBI:43474
Q9UL25,CHEBI:37565
Q9UL25,CHEBI:18420
Q9UL25,CHEBI:58189
Q9UL25,CHEBI:15378
Q9UL25,CHEBI:15377
Q9ULZ9,CHEBI:29108
Q9ULZ9,CHEBI:29105
Q9UM01,CHEBI:32682
Q9UM01,CHEBI:46911
Q9UM01,CHEBI:32551
Q9UM01,CHEBI:57427
Q9UM01,CHEBI:29101
Q9UM73,CHEBI:46858
Q9UM73,CHEBI:15378
Q9UM73,CHEBI:456216
Q9UM73,CHEBI:61978
Q9UM73,CHEBI:30616
Q9UP95,CHEBI:17996
Q9UP95,CHEBI:29103
Q9UPR5,CHEBI:29101
Q9UPR5,CHEBI:29108
Q9UPW8,CHEBI:29108
Q9UQ16,CHEBI:43474
Q9UQ16,CHEBI:37565
Q9UQ16,CHEBI:58189
Q9UQ16,CHEBI:15378
Q9UQ16,CHEBI:15377
Q9UQ90,CHEBI:43474
Q9UQ90,CHEBI:15378
Q9UQ90,CHEBI:456216
Q9UQ90,CHEBI:29105
Q9UQ90,CHEBI:30616
Q9UQ90,CHEBI:15377
Q9UQD0,CHEBI:29101
Q9Y232,CHEBI:78611
Q9Y232,CHEBI:15377
Q9Y232,CHEBI:57332
Q9Y233,CHEBI:58464
Q9Y233,CHEBI:58165
Q9Y233,CHEBI:15378
Q9Y233,CHEBI:58115
Q9Y233,CHEBI:57867
Q9Y233,CHEBI:60240
Q9Y233,CHEBI:456215
Q9Y233,CHEBI:57746
Q9Y233,CHEBI:15377
Q9Y285,CHEBI:15378
Q9Y285,CHEBI:78531
Q9Y285,CHEBI:33019
Q9Y285,CHEBI:58095
Q9Y285,CHEBI:30616
Q9Y285,CHEBI:456215
Q9Y285,CHEBI:78442
Q9Y2J0,CHEBI:29108
Q9Y2J8,CHEBI:29108
Q9Y2J8,CHEBI:28938
Q9Y2J8,CHEBI:29965
Q9Y2J8,CHEBI:83397
Q9Y2J8,CHEBI:15377
Q9Y2M0,CHEBI:18420
Q9Y2M0,CHEBI:29035
Q9Y2Q3,CHEBI:17792
Q9Y2Q3,CHEBI:15378
Q9Y2Q3,CHEBI:16042
Q9Y2Q3,CHEBI:90779
Q9Y2Q3,CHEBI:57925
Q9Y2T3,CHEBI:15378
Q9Y2T3,CHEBI:28938
Q9Y2T3,CHEBI:29105
Q9Y2T3,CHEBI:16235
Q9Y2T3,CHEBI:17712
Q9Y2T3,CHEBI:15377
Q9Y4D2,CHEBI:75728
Q9Y4D2,CHEBI:28868
Q9Y4D2,CHEBI:52392
Q9Y4D2,CHEBI:75449
Q9Y4D2,CHEBI:17389
Q9Y4D2,CHEBI:75448
Q9Y4D2,CHEBI:75450
Q9Y4D2,CHEBI:15377
Q9Y4D2,CHEBI:25629
Q9Y4D2,CHEBI:30823
Q9Y4D2,CHEBI:75913
Q9Y4D2,CHEBI:17815
Q9Y4D2,CHEBI:75914
Q9Y4D2,CHEBI:52333
Q9Y4D2,CHEBI:29108
Q9Y4D2,CHEBI:15378
Q9Y4D2,CHEBI:75457
Q9Y4D2,CHEBI:75456
Q9Y4D2,CHEBI:73990
Q9Y5Q0,CHEBI:57756
Q9Y5Q0,CHEBI:15378
Q9Y5Q0,CHEBI:52639
Q9Y5Q0,CHEBI:29034
Q9Y5Q0,CHEBI:67111
Q9Y5Q0,CHEBI:195278
Q9Y5Q0,CHEBI:85650
Q9Y5Q0,CHEBI:195246
Q9Y5Q0,CHEBI:63867
Q9Y5Q0,CHEBI:29033
Q9Y5Q0,CHEBI:83568
Q9Y5Q0,CHEBI:74296
Q9Y5Q0,CHEBI:31488
Q9Y5Q0,CHEBI:139573
Q9Y5Q0,CHEBI:15377
Q9Y5Q0,CHEBI:149631
Q9Y5Q0,CHEBI:15379
Q9Y617,CHEBI:18110
Q9Y617,CHEBI:57524
Q9Y617,CHEBI:16810
Q9Y617,CHEBI:29985
Q9Y617,CHEBI:597326
Q9Y697,CHEBI:35235
Q9Y697,CHEBI:61963
Q9Y697,CHEBI:29950
Q9Y697,CHEBI:57972
Q9Y697,CHEBI:29917
Q9Y697,CHEBI:64428
Q9Y697,CHEBI:597326
Q9Y6V0,CHEBI:29108
B7Z9I1,CHEBI:58307
B7Z9I1,CHEBI:57379
B7Z9I1,CHEBI:57375
B7Z9I1,CHEBI:62242
B7Z9I1,CHEBI:62620
B7Z9I1,CHEBI:83726
B7Z9I1,CHEBI:61430
B7Z9I1,CHEBI:57389
B7Z9I1,CHEBI:83723
B7Z9I1,CHEBI:57385
B7Z9I1,CHEBI:57386
B7Z9I1,CHEBI:61526
B7Z9I1,CHEBI:15378
B7Z9I1,CHEBI:57692
B7Z9I1,CHEBI:86160
B7Z9I1,CHEBI:61406
B7Z9I1,CHEBI:62077
B7Z9I1,CHEBI:61405
B7Z9I1,CHEBI:57330
O95336,CHEBI:58759
O95336,CHEBI:15377
O95336,CHEBI:57955
O95336,CHEBI:15378
Q9Y661,CHEBI:58339
Q9Y661,CHEBI:15378
Q9Y661,CHEBI:58388
Q9Y661,CHEBI:70975
Q9Y661,CHEBI:58343
A0S1I7,CHEBI:23378
A0S1I7,CHEBI:15378
A0S1I7,CHEBI:29034
A0S1I7,CHEBI:30413
A0S1I7,CHEBI:29033
A0S1I7,CHEBI:15377
A0S1I7,CHEBI:15379
B4DFG5,CHEBI:57925
B4DFL1,CHEBI:83099
B4DFL1,CHEBI:57540
B4DFL1,CHEBI:15378
B4DFL1,CHEBI:57692
B4DFL1,CHEBI:57945
B4DFL1,CHEBI:83100
H9EC08,CHEBI:17976
H9EC08,CHEBI:57540
H9EC08,CHEBI:15378
H9EC08,CHEBI:16389
H9EC08,CHEBI:57945
Q4VFD5,CHEBI:30413
Q4VFD5,CHEBI:60344
Q6FHU2,CHEBI:57604
Q6FHU2,CHEBI:15378
Q6FHU2,CHEBI:58248
Q6FHU2,CHEBI:58289
Q6FHU2,CHEBI:58272
Q6VLV1,CHEBI:30413
Q6VLV1,CHEBI:60344
Q7GXY9,CHEBI:17976
Q7GXY9,CHEBI:57540
Q7GXY9,CHEBI:15378
Q7GXY9,CHEBI:16389
Q7GXY9,CHEBI:57945
Q7GXZ4,CHEBI:17976
Q7GXZ4,CHEBI:57540
Q7GXZ4,CHEBI:15378
Q7GXZ4,CHEBI:16389
Q7GXZ4,CHEBI:57945
Q7GXZ5,CHEBI:17976
Q7GXZ5,CHEBI:57540
Q7GXZ5,CHEBI:15378
Q7GXZ5,CHEBI:16389
Q7GXZ5,CHEBI:57945
Q9B1R0,CHEBI:17976
Q9B1R0,CHEBI:57540
Q9B1R0,CHEBI:15378
Q9B1R0,CHEBI:16389
Q9B1R0,CHEBI:57945
U5YWV7,CHEBI:23378
U5YWV7,CHEBI:15378
U5YWV7,CHEBI:29034
U5YWV7,CHEBI:30413
U5YWV7,CHEBI:29033
U5YWV7,CHEBI:15377
U5YWV7,CHEBI:15379
U5Z487,CHEBI:23378
U5Z487,CHEBI:15378
U5Z487,CHEBI:29034
U5Z487,CHEBI:29033
U5Z487,CHEBI:15377
U5Z487,CHEBI:15379
U5Z977,CHEBI:17976
U5Z977,CHEBI:57540
U5Z977,CHEBI:15378
U5Z977,CHEBI:16389
U5Z977,CHEBI:57945
U5ZC31,CHEBI:17976
U5ZC31,CHEBI:57540
U5ZC31,CHEBI:15378
U5ZC31,CHEBI:16389
U5ZC31,CHEBI:57945
A6Z2S4,CHEBI:17976
A6Z2S4,CHEBI:57540
A6Z2S4,CHEBI:15378
A6Z2S4,CHEBI:16389
A6Z2S4,CHEBI:57945
A8K0N1,CHEBI:83421
A8K0N1,CHEBI:15378
A8K0N1,CHEBI:29999
A8K0N1,CHEBI:30013
A8K0N1,CHEBI:61977
A8K0N1,CHEBI:456216
A8K0N1,CHEBI:30616
A8K0P2,CHEBI:18420
B3KSW6,CHEBI:58454
B3KSW6,CHEBI:15361
B3KSW6,CHEBI:28938
B3KSW6,CHEBI:16810
B3KSW6,CHEBI:57959
B3KSW6,CHEBI:58717
B3KSW6,CHEBI:29256
B3KSW6,CHEBI:29985
B3KSW6,CHEBI:15377
B3KSW6,CHEBI:597326
B4DFF6,CHEBI:60344
B4DFG1,CHEBI:64738
B4DFG1,CHEBI:133369
B4DFG1,CHEBI:64723
B4DFG1,CHEBI:15378
B4DFG1,CHEBI:133375
B4DFG1,CHEBI:57288
B4DFG1,CHEBI:64718
B4DFG1,CHEBI:133372
B4DFG1,CHEBI:65250
B4DFG1,CHEBI:64739
B4DFG1,CHEBI:83683
B4DFG1,CHEBI:83690
B4DFG1,CHEBI:133371
B4DFG1,CHEBI:57287
B4DFG1,CHEBI:64741
B4DFH3,CHEBI:18420
B4DFH6,CHEBI:18420
B4DFJ8,CHEBI:16199
B7Z1Y2,CHEBI:57642
B7Z1Y2,CHEBI:32966
B7Z1Y2,CHEBI:59776
B7Z1Z1,CHEBI:83421
B7Z1Z1,CHEBI:18420
B7Z1Z1,CHEBI:15378
B7Z1Z1,CHEBI:29999
B7Z1Z1,CHEBI:30013
B7Z1Z1,CHEBI:61977
B7Z1Z1,CHEBI:456216
B7Z1Z1,CHEBI:30616
B7Z1Z9,CHEBI:57642
B7Z1Z9,CHEBI:32966
B7Z1Z9,CHEBI:59776
E2DEX2,CHEBI:30413
E2DEX2,CHEBI:60344
E2DF63,CHEBI:30413
E2DF63,CHEBI:60344
E2DG83,CHEBI:15378
E2DG88,CHEBI:17976
E2DG88,CHEBI:57540
E2DG88,CHEBI:15378
E2DG88,CHEBI:16389
E2DG88,CHEBI:57945
E2DGM0,CHEBI:30413
E2DGM0,CHEBI:60344
E2DGN9,CHEBI:15378
Q305D3,CHEBI:17976
Q305D3,CHEBI:57540
Q305D3,CHEBI:15378
Q305D3,CHEBI:16389
Q305D3,CHEBI:57945
Q305W5,CHEBI:17976
Q305W5,CHEBI:57540
Q305W5,CHEBI:15378
Q305W5,CHEBI:16389
Q305W5,CHEBI:57945
Q36734,CHEBI:17976
Q36734,CHEBI:57540
Q36734,CHEBI:15378
Q36734,CHEBI:16389
Q36734,CHEBI:57945
Q4EWS2,CHEBI:15378
Q4G8X5,CHEBI:15378
Q4GCG5,CHEBI:17976
Q4GCG5,CHEBI:57540
Q4GCG5,CHEBI:15378
Q4GCG5,CHEBI:16389
Q4GCG5,CHEBI:57945
Q4GGG0,CHEBI:17976
Q4GGG0,CHEBI:57540
Q4GGG0,CHEBI:15378
Q4GGG0,CHEBI:16389
Q4GGG0,CHEBI:57945
Q4GJP1,CHEBI:17976
Q4GJP1,CHEBI:57540
Q4GJP1,CHEBI:15378
Q4GJP1,CHEBI:16389
Q4GJP1,CHEBI:57945
Q4GQ65,CHEBI:17976
Q4GQ65,CHEBI:57540
Q4GQ65,CHEBI:15378
Q4GQ65,CHEBI:16389
Q4GQ65,CHEBI:57945
Q6RQ23,CHEBI:15378
Q6RRL4,CHEBI:17976
Q6RRL4,CHEBI:57540
Q6RRL4,CHEBI:15378
Q6RRL4,CHEBI:16389
Q6RRL4,CHEBI:57945
Q6RRM1,CHEBI:17976
Q6RRM1,CHEBI:57540
Q6RRM1,CHEBI:15378
Q6RRM1,CHEBI:16389
Q6RRM1,CHEBI:57945
Q7GHE2,CHEBI:17976
Q7GHE2,CHEBI:57540
Q7GHE2,CHEBI:15378
Q7GHE2,CHEBI:16389
Q7GHE2,CHEBI:57945
Q7GIM7,CHEBI:15378
Q7GIM7,CHEBI:29034
Q7GIM7,CHEBI:29033
Q7GIM7,CHEBI:15377
Q7GIM7,CHEBI:15379
Q7GN52,CHEBI:17976
Q7GN52,CHEBI:57540
Q7GN52,CHEBI:15378
Q7GN52,CHEBI:16389
Q7GN52,CHEBI:57945
Q7Y6N0,CHEBI:23378
Q7Y6N0,CHEBI:15378
Q7Y6N0,CHEBI:29034
Q7Y6N0,CHEBI:29033
Q7Y6N0,CHEBI:15377
Q7Y6N0,CHEBI:15379
Q7Y6X6,CHEBI:15378
Q7YEG6,CHEBI:15378
Q7YEH3,CHEBI:17976
Q7YEH3,CHEBI:57540
Q7YEH3,CHEBI:15378
Q7YEH3,CHEBI:16389
Q7YEH3,CHEBI:57945
Q9B1D3,CHEBI:15378
Q9B2U4,CHEBI:17976
Q9B2U4,CHEBI:57540
Q9B2U4,CHEBI:15378
Q9B2U4,CHEBI:16389
Q9B2U4,CHEBI:57945
Q9B2Z5,CHEBI:17976
Q9B2Z5,CHEBI:57540
Q9B2Z5,CHEBI:15378
Q9B2Z5,CHEBI:16389
Q9B2Z5,CHEBI:57945
U5ZAD9,CHEBI:17976
U5ZAD9,CHEBI:57540
U5ZAD9,CHEBI:15378
U5ZAD9,CHEBI:16389
U5ZAD9,CHEBI:57945
